Tempo;Missile_X;Missile_Y;Missile_Z;Velocita_M_Tot;Target_X;Target_Y;Target_Z;Distanza;Drag_N;Carburante_Residuo;G_Load
0.000;2500.00;0.00;0.23;20.00;2997.00;2000.60;1500.50;2549.51;0.03;28.00;0.00
0.010;2500.00;0.00;0.49;22.84;2994.00;2001.20;1501.00;2549.55;0.04;27.90;0.00
0.020;2500.00;0.00;0.77;25.69;2991.00;2001.80;1501.50;2549.59;0.04;27.80;0.00
0.030;2500.00;0.00;1.08;28.54;2988.00;2002.40;1502.00;2549.60;0.05;27.70;0.00
0.040;2500.00;0.00;1.43;31.39;2985.00;2003.00;1502.50;2549.61;0.07;27.60;0.00
0.050;2500.00;0.00;1.80;34.25;2982.00;2003.60;1503.00;2549.60;0.08;27.50;0.03
0.060;2500.00;0.00;2.20;37.11;2979.00;2004.20;1503.50;2549.58;0.09;27.40;0.09
0.070;2500.00;0.00;2.63;39.98;2976.00;2004.80;1504.00;2549.55;0.11;27.30;0.16
0.080;2500.00;0.00;3.08;42.84;2973.00;2005.40;1504.50;2549.50;0.12;27.20;0.22
0.090;2500.00;0.00;3.57;45.71;2970.01;2006.01;1505.01;2549.44;0.14;27.10;0.28
0.100;2500.00;0.00;4.08;48.59;2967.01;2006.61;1505.51;2549.37;0.16;27.00;0.35
0.110;2500.00;0.00;4.63;51.47;2964.01;2007.21;1506.01;2549.28;0.18;26.90;0.41
0.120;2499.99;0.00;5.20;54.35;2961.01;2007.81;1506.51;2549.18;0.20;26.80;0.48
0.130;2499.99;0.00;5.80;57.24;2958.01;2008.41;1507.01;2549.07;0.22;26.70;0.54
0.140;2499.99;0.00;6.43;60.13;2955.01;2009.01;1507.51;2548.94;0.24;26.60;0.60
0.150;2499.98;0.00;7.09;63.02;2952.01;2009.61;1508.01;2548.81;0.27;26.50;0.67
0.160;2499.98;0.01;7.78;65.91;2949.02;2010.22;1508.52;2548.65;0.29;26.40;0.73
0.170;2499.97;0.01;8.50;68.81;2946.02;2010.82;1509.02;2548.49;0.32;26.30;0.80
0.180;2499.96;0.01;9.24;71.71;2943.02;2011.42;1509.52;2548.31;0.35;26.20;0.86
0.190;2499.96;0.01;10.02;74.62;2940.02;2012.02;1510.02;2548.12;0.37;26.10;0.93
0.200;2499.95;0.01;10.82;77.52;2937.02;2012.62;1510.52;2547.91;0.40;26.00;0.99
0.210;2499.93;0.02;11.65;80.43;2934.03;2013.23;1511.03;2547.69;0.43;25.90;1.06
0.220;2499.92;0.02;12.52;83.35;2931.03;2013.83;1511.53;2547.46;0.47;25.80;1.13
0.230;2499.91;0.02;13.41;86.26;2928.03;2014.43;1512.03;2547.22;0.50;25.70;1.19
0.240;2499.89;0.03;14.33;89.18;2925.03;2015.03;1512.53;2546.96;0.53;25.60;1.26
0.250;2499.87;0.03;15.28;92.10;2922.04;2015.64;1513.04;2546.69;0.57;25.50;1.32
0.260;2499.85;0.03;16.26;95.03;2919.04;2016.24;1513.54;2546.40;0.61;25.40;1.39
0.270;2499.83;0.04;17.27;97.95;2916.04;2016.84;1514.04;2546.10;0.64;25.30;1.46
0.280;2499.81;0.05;18.31;100.88;2913.04;2017.44;1514.54;2545.79;0.68;25.20;1.52
0.290;2499.78;0.05;19.37;103.81;2910.05;2018.05;1515.05;2545.46;0.72;25.10;1.59
0.300;2499.76;0.06;20.47;106.74;2907.05;2018.65;1515.55;2545.12;0.77;25.00;1.66
0.310;2499.73;0.07;21.59;109.68;2904.05;2019.25;1516.05;2544.77;0.81;24.90;1.72
0.320;2499.69;0.08;22.75;112.62;2901.06;2019.86;1516.56;2544.40;0.85;24.80;1.79
0.330;2499.66;0.09;23.93;115.56;2898.06;2020.46;1517.06;2544.02;0.90;24.70;1.86
0.340;2499.62;0.10;25.15;118.50;2895.06;2021.06;1517.56;2543.63;0.94;24.60;1.93
0.350;2499.58;0.11;26.39;121.44;2892.07;2021.67;1518.07;2543.22;0.99;24.50;2.00
0.360;2499.53;0.12;27.66;124.39;2889.07;2022.27;1518.57;2542.80;1.04;24.40;2.07
0.370;2499.49;0.13;28.97;127.34;2886.07;2022.87;1519.07;2542.37;1.09;24.30;2.13
0.380;2499.44;0.15;30.30;130.29;2883.08;2023.48;1519.58;2541.92;1.14;24.20;2.20
0.390;2499.38;0.16;31.66;133.24;2880.08;2024.08;1520.08;2541.46;1.19;24.10;2.27
0.400;2499.33;0.18;33.05;136.19;2877.09;2024.69;1520.59;2540.98;1.24;24.00;2.34
0.410;2499.27;0.19;34.47;139.14;2874.09;2025.29;1521.09;2540.49;1.30;23.90;2.41
0.420;2499.20;0.21;35.92;142.10;2871.09;2025.89;1521.59;2539.99;1.35;23.80;2.48
0.430;2499.14;0.23;37.40;145.06;2868.10;2026.50;1522.10;2539.47;1.41;23.70;2.56
0.440;2499.06;0.25;38.90;148.02;2865.10;2027.10;1522.60;2538.94;1.47;23.60;2.63
0.450;2498.99;0.27;40.44;150.98;2862.11;2027.71;1523.11;2538.40;1.53;23.50;2.70
0.460;2498.91;0.30;42.01;153.94;2859.11;2028.31;1523.61;2537.84;1.59;23.40;2.77
0.470;2498.83;0.32;43.60;156.90;2856.12;2028.92;1524.12;2537.27;1.65;23.30;2.84
0.480;2498.74;0.35;45.23;159.87;2853.12;2029.52;1524.62;2536.69;1.71;23.20;2.91
0.490;2498.65;0.38;46.88;162.83;2850.13;2030.13;1525.13;2536.09;1.78;23.10;2.99
0.500;2498.55;0.40;48.57;165.80;2847.13;2030.73;1525.63;2535.48;1.84;23.00;3.06
0.510;2498.45;0.43;50.28;168.76;2844.14;2031.34;1526.14;2534.85;1.91;22.90;3.13
0.520;2498.35;0.47;52.03;171.73;2841.14;2031.94;1526.64;2534.21;1.97;22.80;3.21
0.530;2498.24;0.50;53.80;174.70;2838.15;2032.55;1527.15;2533.55;2.04;22.70;3.28
0.540;2498.12;0.54;55.60;177.67;2835.15;2033.15;1527.65;2532.89;2.11;22.60;3.36
0.550;2498.00;0.57;57.43;180.64;2832.16;2033.76;1528.16;2532.20;2.18;22.50;3.43
0.560;2497.88;0.61;59.30;183.61;2829.17;2034.37;1528.67;2531.51;2.25;22.40;3.51
0.570;2497.75;0.66;61.19;186.59;2826.17;2034.97;1529.17;2530.80;2.33;22.30;3.59
0.580;2497.61;0.70;63.11;189.56;2823.18;2035.58;1529.68;2530.08;2.40;22.20;3.66
0.590;2497.47;0.74;65.06;192.53;2820.18;2036.18;1530.18;2529.34;2.48;22.10;3.74
0.600;2497.32;0.79;67.03;195.51;2817.19;2036.79;1530.69;2528.59;2.55;22.00;3.82
0.610;2497.17;0.84;69.04;198.48;2814.20;2037.40;1531.20;2527.82;2.63;21.90;3.89
0.620;2497.01;0.89;71.08;201.46;2811.20;2038.00;1531.70;2527.04;2.71;21.80;3.97
0.630;2496.85;0.95;73.15;204.43;2808.21;2038.61;1532.21;2526.25;2.79;21.70;4.05
0.640;2496.68;1.01;75.24;207.41;2805.21;2039.21;1532.71;2525.44;2.87;21.60;4.13
0.650;2496.50;1.06;77.37;210.38;2802.22;2039.82;1533.22;2524.62;2.95;21.50;4.21
0.660;2496.32;1.13;79.52;213.36;2799.23;2040.43;1533.73;2523.79;3.04;21.40;4.29
0.670;2496.13;1.19;81.71;216.33;2796.23;2041.03;1534.23;2522.94;3.12;21.30;4.37
0.680;2495.94;1.26;83.92;219.31;2793.24;2041.64;1534.74;2522.08;3.21;21.20;4.45
0.690;2495.73;1.33;86.16;222.28;2790.25;2042.25;1535.25;2521.20;3.29;21.10;4.53
0.700;2495.53;1.40;88.43;225.26;2787.26;2042.86;1535.76;2520.31;3.38;21.00;4.62
0.710;2495.31;1.47;90.74;228.23;2784.26;2043.46;1536.26;2519.40;3.47;20.90;4.70
0.720;2495.09;1.55;93.07;231.21;2781.27;2044.07;1536.77;2518.48;3.56;20.80;4.78
0.730;2494.86;1.63;95.42;234.18;2778.28;2044.68;1537.28;2517.55;3.65;20.70;4.86
0.740;2494.62;1.72;97.81;237.16;2775.29;2045.28;1537.79;2516.60;3.74;20.60;4.95
0.750;2494.38;1.80;100.23;240.13;2772.29;2045.89;1538.29;2515.64;3.84;20.50;5.03
0.760;2494.13;1.89;102.68;243.10;2769.30;2046.50;1538.80;2514.67;3.93;20.40;5.12
0.770;2493.87;1.99;105.15;246.07;2766.31;2047.11;1539.31;2513.68;4.03;20.30;5.20
0.780;2493.61;2.08;107.66;249.05;2763.32;2047.72;1539.82;2512.68;4.12;20.20;5.29
0.790;2493.33;2.19;110.19;252.02;2760.32;2048.32;1540.32;2511.66;4.22;20.10;5.38
0.800;2493.05;2.29;112.75;254.99;2757.33;2048.93;1540.83;2510.63;4.32;20.00;5.46
0.810;2492.76;2.40;115.34;257.96;2754.34;2049.54;1541.34;2509.58;4.42;19.90;5.55
0.820;2492.47;2.51;117.96;260.93;2751.35;2050.15;1541.85;2508.52;4.52;19.80;5.64
0.830;2492.16;2.62;120.61;263.89;2748.36;2050.76;1542.36;2507.45;4.62;19.70;5.73
0.840;2491.85;2.74;123.29;266.86;2745.37;2051.37;1542.87;2506.36;4.73;19.60;5.82
0.850;2491.53;2.86;125.99;269.82;2742.37;2051.97;1543.37;2505.26;4.83;19.50;5.91
0.860;2491.20;2.99;128.73;272.79;2739.38;2052.58;1543.88;2504.15;4.94;19.40;6.00
0.870;2490.86;3.12;131.49;275.75;2736.39;2053.19;1544.39;2503.02;5.04;19.30;6.09
0.880;2490.51;3.25;134.28;278.71;2733.40;2053.80;1544.90;2501.87;5.15;19.20;6.18
0.890;2490.16;3.39;137.11;281.67;2730.41;2054.41;1545.41;2500.71;5.26;19.10;6.28
0.900;2489.79;3.54;139.95;284.63;2727.42;2055.02;1545.92;2499.54;5.37;19.00;6.37
0.910;2489.42;3.68;142.83;287.59;2724.43;2055.63;1546.43;2498.36;5.48;18.90;6.46
0.920;2489.04;3.83;145.74;290.55;2721.44;2056.24;1546.94;2497.16;5.59;18.80;6.56
0.930;2488.64;3.99;148.67;293.50;2718.45;2056.85;1547.45;2495.94;5.70;18.70;6.65
0.940;2488.24;4.15;151.64;296.45;2715.46;2057.46;1547.96;2494.71;5.81;18.60;6.75
0.950;2487.83;4.32;154.63;299.41;2712.47;2058.07;1548.47;2493.47;5.93;18.50;6.84
0.960;2487.41;4.49;157.65;302.36;2709.48;2058.68;1548.98;2492.21;6.04;18.40;6.94
0.970;2486.98;4.66;160.69;305.30;2706.49;2059.29;1549.49;2490.94;6.16;18.30;7.04
0.980;2486.55;4.84;163.77;308.25;2703.50;2059.89;1550.00;2489.66;6.28;18.20;7.14
0.990;2486.10;5.03;166.87;311.19;2700.51;2060.50;1550.51;2488.36;6.39;18.10;7.24
1.000;2485.64;5.22;170.00;314.13;2697.52;2061.12;1551.02;2487.04;6.51;18.00;7.34
1.010;2485.17;5.42;173.16;317.07;2694.53;2061.73;1551.53;2485.72;6.63;17.90;7.44
1.020;2484.69;5.62;176.35;320.01;2691.54;2062.34;1552.04;2484.38;6.75;17.80;7.54
1.030;2484.20;5.82;179.57;322.95;2688.55;2062.95;1552.55;2483.02;6.88;17.70;7.64
1.040;2483.70;6.03;182.81;325.88;2685.56;2063.56;1553.06;2481.65;7.00;17.60;7.74
1.050;2483.19;6.25;186.08;328.81;2682.57;2064.17;1553.57;2480.27;7.12;17.50;7.84
1.060;2482.67;6.48;189.38;331.74;2679.58;2064.78;1554.08;2478.87;7.25;17.40;7.95
1.070;2482.14;6.70;192.70;334.67;2676.59;2065.39;1554.59;2477.45;7.37;17.30;8.05
1.080;2481.60;6.94;196.06;337.59;2673.60;2066.00;1555.10;2476.03;7.50;17.20;8.15
1.090;2481.05;7.18;199.44;340.51;2670.61;2066.61;1555.61;2474.59;7.63;17.10;8.26
1.100;2480.49;7.43;202.85;343.43;2667.62;2067.22;1556.12;2473.13;7.76;17.00;8.37
1.110;2479.91;7.68;206.28;346.35;2664.63;2067.83;1556.63;2471.66;7.88;16.90;8.47
1.120;2479.33;7.94;209.75;349.26;2661.64;2068.44;1557.14;2470.18;8.01;16.80;8.58
1.130;2478.73;8.21;213.24;352.17;2658.66;2069.06;1557.66;2468.68;8.14;16.70;8.69
1.140;2478.12;8.48;216.75;355.08;2655.67;2069.67;1558.17;2467.17;8.28;16.60;8.80
1.150;2477.51;8.76;220.30;357.98;2652.68;2070.28;1558.68;2465.65;8.41;16.50;8.91
1.160;2476.88;9.04;223.87;360.88;2649.69;2070.89;1559.19;2464.11;8.54;16.40;9.02
1.170;2476.23;9.34;227.47;363.78;2646.70;2071.50;1559.70;2462.55;8.68;16.30;9.13
1.180;2475.58;9.63;231.09;366.68;2643.71;2072.11;1560.21;2460.98;8.81;16.20;9.24
1.190;2474.91;9.94;234.75;369.57;2640.73;2072.73;1560.73;2459.40;8.95;16.10;9.35
1.200;2474.24;10.25;238.42;372.46;2637.74;2073.34;1561.24;2457.80;9.08;16.00;9.46
1.210;2473.55;10.57;242.13;375.34;2634.75;2073.95;1561.75;2456.19;9.22;15.90;9.58
1.220;2472.85;10.90;245.86;378.23;2631.76;2074.56;1562.26;2454.57;9.36;15.80;9.69
1.230;2472.13;11.24;249.62;381.11;2628.78;2075.17;1562.77;2452.93;9.50;15.70;9.81
1.240;2471.41;11.58;253.40;383.98;2625.79;2075.79;1563.29;2451.28;9.64;15.60;9.92
1.250;2470.67;11.93;257.21;386.85;2622.80;2076.40;1563.80;2449.61;9.78;15.50;10.04
1.260;2469.92;12.29;261.05;389.72;2619.81;2077.01;1564.31;2447.93;9.92;15.40;10.16
1.270;2469.16;12.65;264.91;392.59;2616.83;2077.63;1564.83;2446.23;10.06;15.30;10.27
1.280;2468.38;13.03;268.80;395.45;2613.84;2078.24;1565.34;2444.52;10.20;15.20;10.39
1.290;2467.59;13.41;272.72;398.31;2610.85;2078.85;1565.85;2442.80;10.35;15.10;10.51
1.300;2466.79;13.80;276.66;401.16;2607.86;2079.46;1566.36;2441.06;10.49;15.00;10.63
1.310;2465.98;14.20;280.62;404.01;2604.88;2080.08;1566.88;2439.31;10.64;14.90;10.75
1.320;2465.15;14.60;284.62;406.86;2601.89;2080.69;1567.39;2437.54;10.78;14.80;10.87
1.330;2464.31;15.02;288.63;409.70;2598.90;2081.30;1567.90;2435.76;10.93;14.70;11.00
1.340;2463.46;15.44;292.68;412.54;2595.92;2081.92;1568.42;2433.97;11.07;14.60;11.12
1.350;2462.59;15.87;296.75;415.37;2592.93;2082.53;1568.93;2432.16;11.22;14.50;11.24
1.360;2461.71;16.31;300.84;418.20;2589.95;2083.15;1569.45;2430.33;11.37;14.40;11.37
1.370;2460.82;16.76;304.96;421.03;2586.96;2083.76;1569.96;2428.50;11.52;14.30;11.49
1.380;2459.91;17.22;309.10;423.85;2583.97;2084.37;1570.47;2426.64;11.67;14.20;11.62
1.390;2458.99;17.69;313.27;426.67;2580.99;2084.99;1570.99;2424.78;11.82;14.10;11.74
1.400;2458.06;18.17;317.47;429.48;2578.00;2085.60;1571.50;2422.90;11.97;14.00;11.87
1.410;2457.11;18.66;321.68;432.29;2575.02;2086.22;1572.02;2421.01;12.12;13.90;12.00
1.420;2456.15;19.15;325.93;435.10;2572.03;2086.83;1572.53;2419.10;12.27;13.80;12.13
1.430;2455.18;19.66;330.20;437.90;2569.04;2087.44;1573.04;2417.18;12.42;13.70;12.26
1.440;2454.19;20.17;334.49;440.69;2566.06;2088.06;1573.56;2415.24;12.57;13.60;12.39
1.450;2453.18;20.70;338.80;443.48;2563.07;2088.67;1574.07;2413.29;12.73;13.50;12.52
1.460;2452.17;21.23;343.14;446.27;2560.09;2089.29;1574.59;2411.32;12.88;13.40;12.65
1.470;2451.14;21.78;347.51;449.05;2557.10;2089.90;1575.10;2409.35;13.04;13.30;12.78
1.480;2450.09;22.33;351.90;451.83;2554.12;2090.52;1575.62;2407.35;13.19;13.20;12.92
1.490;2449.03;22.90;356.31;454.60;2551.13;2091.13;1576.13;2405.35;13.35;13.10;13.05
1.500;2447.96;23.48;360.75;457.37;2548.15;2091.75;1576.65;2403.33;13.50;13.00;13.18
1.510;2446.87;24.06;365.21;460.13;2545.16;2092.36;1577.16;2401.29;13.66;12.90;13.32
1.520;2445.76;24.66;369.69;462.89;2542.18;2092.98;1577.68;2399.24;13.82;12.80;13.46
1.530;2444.64;25.27;374.20;465.64;2539.19;2093.59;1578.19;2397.18;13.97;12.70;13.59
1.540;2443.51;25.89;378.73;468.39;2536.21;2094.21;1578.71;2395.10;14.13;12.60;13.73
1.550;2442.36;26.52;383.29;471.13;2533.22;2094.82;1579.22;2393.01;14.29;12.50;13.87
1.560;2441.20;27.16;387.86;473.87;2530.24;2095.44;1579.74;2390.90;14.45;12.40;14.01
1.570;2440.02;27.81;392.46;476.60;2527.26;2096.06;1580.26;2388.79;14.61;12.30;14.15
1.580;2438.83;28.47;397.09;479.32;2524.27;2096.67;1580.77;2386.65;14.77;12.20;14.29
1.590;2437.62;29.15;401.73;482.05;2521.29;2097.29;1581.29;2384.50;14.93;12.10;14.43
1.600;2436.40;29.84;406.40;484.76;2518.30;2097.90;1581.80;2382.34;15.09;12.00;14.57
1.610;2435.16;30.53;411.09;487.47;2515.32;2098.52;1582.32;2380.17;15.25;11.90;14.71
1.620;2433.91;31.24;415.81;490.18;2512.34;2099.14;1582.84;2377.98;15.41;11.80;14.86
1.630;2432.64;31.97;420.54;492.88;2509.35;2099.75;1583.35;2375.77;15.57;11.70;15.00
1.640;2431.35;32.70;425.30;495.57;2506.37;2100.37;1583.87;2373.55;15.73;11.60;15.15
1.650;2430.05;33.45;430.08;498.26;2503.39;2100.99;1584.39;2371.32;15.90;11.50;15.29
1.660;2428.74;34.21;434.88;500.94;2500.40;2101.60;1584.90;2369.08;16.06;11.40;15.44
1.670;2427.41;34.98;439.70;503.62;2497.42;2102.22;1585.42;2366.81;16.22;11.30;15.59
1.680;2426.06;35.76;444.55;506.29;2494.44;2102.84;1585.94;2364.54;16.38;11.20;15.73
1.690;2424.70;36.56;449.42;508.95;2491.45;2103.45;1586.45;2362.25;16.55;11.10;15.88
1.700;2423.32;37.37;454.30;511.61;2488.47;2104.07;1586.97;2359.95;16.71;11.00;16.03
1.710;2421.92;38.19;459.21;514.27;2485.49;2104.69;1587.49;2357.63;16.88;10.90;16.18
1.720;2420.51;39.03;464.14;516.91;2482.51;2105.31;1588.01;2355.30;17.04;10.80;16.33
1.730;2419.09;39.88;469.09;519.56;2479.52;2105.92;1588.52;2352.96;17.20;10.70;16.48
1.740;2417.64;40.74;474.06;522.19;2476.54;2106.54;1589.04;2350.60;17.37;10.60;16.64
1.750;2416.18;41.62;479.06;524.82;2473.56;2107.16;1589.56;2348.23;17.53;10.50;16.79
1.760;2414.71;42.51;484.07;527.44;2470.58;2107.78;1590.08;2345.84;17.70;10.40;16.94
1.770;2413.22;43.41;489.10;530.06;2467.59;2108.39;1590.59;2343.44;17.87;10.30;17.10
1.780;2411.71;44.33;494.16;532.67;2464.61;2109.01;1591.11;2341.02;18.03;10.20;17.25
1.790;2410.19;45.26;499.23;535.28;2461.63;2109.63;1591.63;2338.59;18.20;10.10;17.41
1.800;2408.65;46.20;504.32;537.87;2458.65;2110.25;1592.15;2336.15;18.36;10.00;17.57
1.810;2407.09;47.16;509.44;540.47;2455.67;2110.87;1592.67;2333.70;18.53;9.90;17.73
1.820;2405.52;48.14;514.57;543.05;2452.68;2111.48;1593.18;2331.22;18.70;9.80;17.88
1.830;2403.93;49.13;519.72;545.63;2449.70;2112.10;1593.70;2328.74;18.86;9.70;18.04
1.840;2402.32;50.13;524.89;548.20;2446.72;2112.72;1594.22;2326.24;19.03;9.60;18.20
1.850;2400.70;51.15;530.08;550.77;2443.74;2113.34;1594.74;2323.73;19.20;9.50;18.36
1.860;2399.06;52.18;535.29;553.33;2440.76;2113.96;1595.26;2321.20;19.36;9.40;18.52
1.870;2397.40;53.23;540.52;555.88;2437.78;2114.58;1595.78;2318.66;19.53;9.30;18.69
1.880;2395.72;54.29;545.77;558.43;2434.80;2115.20;1596.30;2316.10;19.70;9.20;18.85
1.890;2394.03;55.37;551.04;560.97;2431.81;2115.81;1596.81;2313.53;19.87;9.10;19.01
1.900;2392.33;56.47;556.32;563.50;2428.83;2116.43;1597.33;2310.95;20.03;9.00;19.18
1.910;2390.60;57.58;561.62;566.03;2425.85;2117.05;1597.85;2308.35;20.20;8.90;19.34
1.920;2388.86;58.70;566.95;568.55;2422.87;2117.67;1598.37;2305.74;20.37;8.80;19.51
1.930;2387.10;59.84;572.28;571.06;2419.89;2118.29;1598.89;2303.12;20.54;8.70;19.68
1.940;2385.33;61.00;577.64;573.56;2416.91;2118.91;1599.41;2300.48;20.70;8.60;19.84
1.950;2383.53;62.17;583.01;576.06;2413.93;2119.53;1599.93;2297.83;20.87;8.50;20.01
1.960;2381.72;63.36;588.41;578.55;2410.95;2120.15;1600.45;2295.16;21.04;8.40;20.18
1.970;2379.90;64.57;593.81;581.04;2407.97;2120.77;1600.97;2292.48;21.21;8.30;20.35
1.980;2378.05;65.79;599.24;583.52;2404.99;2121.39;1601.49;2289.78;21.37;8.20;20.52
1.990;2376.19;67.03;604.68;585.99;2402.01;2122.01;1602.01;2287.07;21.54;8.10;20.69
2.000;2374.31;68.29;610.14;588.45;2399.03;2122.63;1602.53;2284.35;21.71;8.00;20.86
2.010;2372.41;69.56;615.62;590.91;2396.05;2123.25;1603.05;2281.61;21.88;7.90;21.03
2.020;2370.50;70.85;621.11;593.35;2393.07;2123.87;1603.57;2278.86;22.04;7.80;21.21
2.030;2368.57;72.16;626.62;595.80;2390.09;2124.49;1604.09;2276.10;22.21;7.70;21.38
2.040;2366.62;73.48;632.15;598.23;2387.11;2125.11;1604.61;2273.32;22.38;7.60;21.56
2.050;2364.65;74.83;637.69;600.66;2384.13;2125.73;1605.13;2270.52;22.55;7.50;21.73
2.060;2362.67;76.19;643.24;603.08;2381.15;2126.35;1605.65;2267.72;22.71;7.40;21.91
2.070;2360.67;77.56;648.82;605.49;2378.17;2126.97;1606.17;2264.90;22.88;7.30;22.08
2.080;2358.65;78.96;654.40;607.89;2375.19;2127.59;1606.69;2262.06;23.05;7.20;22.26
2.090;2356.61;80.37;660.01;610.29;2372.22;2128.22;1607.22;2259.21;23.21;7.10;22.44
2.100;2354.56;81.80;665.62;612.68;2369.24;2128.84;1607.74;2256.35;23.38;7.00;22.62
2.110;2352.49;83.25;671.26;615.06;2366.26;2129.46;1608.26;2253.47;23.55;6.90;22.80
2.120;2350.40;84.72;676.91;617.44;2363.28;2130.08;1608.78;2250.58;23.71;6.80;22.98
2.130;2348.29;86.21;682.57;619.81;2360.30;2130.70;1609.30;2247.68;23.88;6.70;23.16
2.140;2346.16;87.71;688.24;622.17;2357.32;2131.32;1609.82;2244.76;24.05;6.60;23.34
2.150;2344.02;89.24;693.93;624.52;2354.34;2131.94;1610.34;2241.82;24.21;6.50;23.53
2.160;2341.86;90.78;699.64;626.86;2351.37;2132.57;1610.87;2238.88;24.38;6.40;23.71
2.170;2339.68;92.34;705.36;629.20;2348.39;2133.19;1611.39;2235.91;24.54;6.30;23.89
2.180;2337.49;93.92;711.09;631.53;2345.41;2133.81;1611.91;2232.94;24.71;6.20;24.08
2.190;2335.27;95.53;716.83;633.85;2342.43;2134.43;1612.43;2229.95;24.87;6.10;24.26
2.200;2333.04;97.15;722.59;636.16;2339.45;2135.05;1612.95;2226.95;25.04;6.00;24.45
2.210;2330.79;98.79;728.36;638.47;2336.48;2135.68;1613.48;2223.93;25.20;5.90;24.64
2.220;2328.52;100.45;734.15;640.76;2333.50;2136.30;1614.00;2220.90;25.37;5.80;24.83
2.230;2326.24;102.12;739.94;643.05;2330.52;2136.92;1614.52;2217.85;25.53;5.70;25.01
2.240;2323.93;103.82;745.75;645.33;2327.54;2137.54;1615.04;2214.79;25.70;5.60;25.20
2.250;2321.61;105.54;751.57;647.61;2324.57;2138.17;1615.57;2211.72;25.86;5.50;25.39
2.260;2319.27;107.28;757.41;649.87;2321.59;2138.79;1616.09;2208.63;26.02;5.40;25.59
2.270;2316.91;109.04;763.25;652.13;2318.61;2139.41;1616.61;2205.53;26.19;5.30;25.78
2.280;2314.54;110.83;769.11;654.38;2315.63;2140.03;1617.13;2202.41;26.35;5.20;25.97
2.290;2312.15;112.63;774.98;656.62;2312.66;2140.66;1617.66;2199.28;26.51;5.10;26.16
2.300;2309.73;114.45;780.85;658.85;2309.68;2141.28;1618.18;2196.14;26.67;5.00;26.36
2.310;2307.31;116.29;786.75;661.08;2306.70;2141.90;1618.70;2192.98;26.84;4.90;26.55
2.320;2304.86;118.16;792.65;663.30;2303.73;2142.53;1619.23;2189.80;27.00;4.80;26.75
2.330;2302.39;120.05;798.56;665.50;2300.75;2143.15;1619.75;2186.62;27.16;4.70;26.94
2.340;2299.91;121.95;804.48;667.70;2297.77;2143.77;1620.27;2183.42;27.32;4.60;27.14
2.350;2297.41;123.88;810.41;669.90;2294.80;2144.40;1620.80;2180.20;27.48;4.50;27.34
2.360;2294.89;125.83;816.35;672.08;2291.82;2145.02;1621.32;2176.97;27.64;4.40;27.54
2.370;2292.35;127.81;822.31;674.26;2288.84;2145.64;1621.84;2173.73;27.80;4.30;27.73
2.380;2289.80;129.80;828.27;676.42;2285.87;2146.27;1622.37;2170.47;27.96;4.20;27.93
2.390;2287.22;131.82;834.24;678.58;2282.89;2146.89;1622.89;2167.20;28.12;4.10;28.13
2.400;2284.63;133.85;840.22;680.73;2279.92;2147.52;1623.42;2163.91;28.28;4.00;28.34
2.410;2282.02;135.92;846.21;682.87;2276.94;2148.14;1623.94;2160.61;28.44;3.90;28.54
2.420;2279.40;138.00;852.21;685.01;2273.96;2148.76;1624.46;2157.30;28.59;3.80;28.74
2.430;2276.75;140.11;858.21;687.13;2270.99;2149.39;1624.99;2153.97;28.75;3.70;28.94
2.440;2274.09;142.23;864.23;689.25;2268.01;2150.01;1625.51;2150.63;28.91;3.60;29.15
2.450;2271.41;144.39;870.25;691.36;2265.04;2150.64;1626.04;2147.27;29.06;3.50;29.35
2.460;2268.71;146.56;876.28;693.46;2262.06;2151.26;1626.56;2143.90;29.22;3.40;29.56
2.470;2265.99;148.76;882.32;695.55;2259.09;2151.89;1627.09;2140.51;29.38;3.30;29.77
2.480;2263.26;150.98;888.36;697.63;2256.11;2152.51;1627.61;2137.11;29.53;3.20;29.97
2.490;2260.51;153.23;894.42;699.70;2253.14;2153.14;1628.14;2133.70;29.69;3.10;30.18
2.500;2257.74;155.49;900.48;701.77;2250.16;2153.76;1628.66;2130.27;29.84;3.00;30.39
2.510;2254.95;157.79;906.54;703.83;2247.19;2154.39;1629.19;2126.83;29.99;2.90;30.60
2.520;2252.14;160.10;912.62;705.87;2244.21;2155.01;1629.71;2123.37;30.15;2.80;30.81
2.530;2249.32;162.44;918.69;707.91;2241.24;2155.64;1630.24;2119.90;30.30;2.70;31.02
2.540;2246.48;164.81;924.78;709.94;2238.26;2156.26;1630.76;2116.41;30.45;2.60;31.23
2.550;2243.62;167.19;930.87;711.97;2235.29;2156.89;1631.29;2112.91;30.60;2.50;31.45
2.560;2240.74;169.61;936.97;713.98;2232.32;2157.52;1631.82;2109.39;30.75;2.40;31.66
2.570;2237.85;172.04;943.07;715.98;2229.34;2158.14;1632.34;2105.87;30.91;2.30;31.87
2.580;2234.94;174.50;949.18;717.98;2226.37;2158.77;1632.87;2102.32;31.06;2.20;32.09
2.590;2232.01;176.99;955.29;719.97;2223.39;2159.39;1633.39;2098.76;31.21;2.10;32.30
2.600;2229.06;179.50;961.40;721.94;2220.42;2160.02;1633.92;2095.19;31.35;2.00;32.52
2.610;2226.10;182.04;967.53;723.91;2217.45;2160.65;1634.45;2091.60;31.50;1.90;32.74
2.620;2223.11;184.60;973.65;725.87;2214.47;2161.27;1634.97;2088.00;31.65;1.80;32.96
2.630;2220.12;187.19;979.78;727.83;2211.50;2161.90;1635.50;2084.38;31.80;1.70;33.18
2.640;2217.10;189.80;985.91;729.77;2208.52;2162.52;1636.02;2080.75;31.95;1.60;33.40
2.650;2214.06;192.44;992.05;731.70;2205.55;2163.15;1636.55;2077.10;32.09;1.50;33.62
2.660;2211.01;195.10;998.19;733.63;2202.58;2163.78;1637.08;2073.44;32.24;1.40;33.84
2.670;2207.94;197.79;1004.33;735.54;2199.60;2164.40;1637.60;2069.77;32.38;1.30;34.06
2.680;2204.86;200.50;1010.48;737.45;2196.63;2165.03;1638.13;2066.08;32.53;1.20;34.28
2.690;2201.75;203.25;1016.63;739.35;2193.66;2165.66;1638.66;2062.37;32.67;1.10;34.51
2.700;2198.63;206.01;1022.78;741.24;2190.69;2166.29;1639.19;2058.65;32.82;1.00;34.73
2.710;2195.49;208.81;1028.93;743.12;2187.71;2166.91;1639.71;2054.92;32.96;0.90;34.96
2.720;2192.34;211.63;1035.08;744.99;2184.74;2167.54;1640.24;2051.17;33.10;0.80;35.00
2.730;2189.17;214.47;1041.24;746.87;2181.77;2168.17;1640.77;2047.40;33.24;0.70;35.00
2.740;2185.98;217.35;1047.40;748.75;2178.79;2168.79;1641.29;2043.63;33.39;0.60;35.00
2.750;2182.77;220.25;1053.56;750.63;2175.82;2169.42;1641.82;2039.83;33.53;0.50;35.00
2.760;2179.55;223.17;1059.72;752.53;2172.85;2170.05;1642.35;2036.02;33.68;0.40;35.00
2.770;2176.31;226.13;1065.88;754.43;2169.88;2170.68;1642.88;2032.20;33.82;0.30;35.00
2.780;2173.05;229.11;1072.05;756.33;2166.91;2171.31;1643.41;2028.36;33.97;0.20;35.00
2.790;2169.78;232.12;1078.21;758.25;2163.93;2171.93;1643.93;2024.51;34.12;0.10;35.00
2.800;2166.49;235.15;1084.38;760.17;2160.96;2172.56;1644.46;2020.64;34.26;0.00;35.00
2.810;2163.20;238.19;1090.51;762.09;2157.99;2173.19;1644.99;2016.75;34.41;0.00;35.00
2.820;2159.92;241.25;1096.61;759.63;2155.02;2173.82;1645.52;2012.88;34.17;0.00;35.00
2.830;2156.63;244.31;1102.68;757.17;2152.05;2174.45;1646.05;2009.02;33.92;0.00;35.00
2.840;2153.35;247.38;1108.71;754.72;2149.08;2175.08;1646.58;2005.17;33.68;0.00;35.00
2.850;2150.07;250.46;1114.71;752.26;2146.10;2175.70;1647.10;2001.33;33.43;0.00;35.00
2.860;2146.80;253.55;1120.68;749.82;2143.13;2176.33;1647.63;1997.50;33.19;0.00;35.00
2.870;2143.52;256.65;1126.61;747.37;2140.16;2176.96;1648.16;1993.69;32.95;0.00;35.00
2.880;2140.25;259.76;1132.50;744.93;2137.19;2177.59;1648.69;1989.88;32.72;0.00;35.00
2.890;2136.98;262.87;1138.36;742.50;2134.22;2178.22;1649.22;1986.09;32.48;0.00;35.00
2.900;2133.71;266.00;1144.19;740.07;2131.25;2178.85;1649.75;1982.31;32.25;0.00;35.00
2.910;2130.45;269.13;1149.99;737.64;2128.28;2179.48;1650.28;1978.53;32.01;0.00;34.90
2.920;2127.18;272.28;1155.75;735.22;2125.31;2180.11;1650.81;1974.77;31.78;0.00;34.66
2.930;2123.92;275.43;1161.47;732.82;2122.34;2180.74;1651.34;1971.02;31.55;0.00;34.42
2.940;2120.66;278.59;1167.17;730.45;2119.37;2181.37;1651.87;1967.28;31.33;0.00;34.19
2.950;2117.41;281.75;1172.82;728.09;2116.40;2182.00;1652.40;1963.54;31.11;0.00;33.96
2.960;2114.15;284.93;1178.45;725.75;2113.43;2182.63;1652.93;1959.82;30.89;0.00;33.73
2.970;2110.90;288.11;1184.05;723.43;2110.46;2183.26;1653.46;1956.11;30.67;0.00;33.50
2.980;2107.65;291.30;1189.61;721.14;2107.48;2183.88;1653.98;1952.41;30.45;0.00;33.28
2.990;2104.40;294.50;1195.14;718.86;2104.51;2184.51;1654.51;1948.72;30.24;0.00;33.06
3.000;2101.15;297.71;1200.63;716.59;2101.55;2185.15;1655.05;1945.04;30.03;0.00;32.83
3.010;2097.91;300.92;1206.10;714.35;2098.58;2185.78;1655.58;1941.37;29.83;0.00;32.62
3.020;2094.67;304.15;1211.53;712.13;2095.61;2186.41;1656.11;1937.70;29.62;0.00;32.40
3.030;2091.43;307.38;1216.93;709.92;2092.64;2187.04;1656.64;1934.05;29.42;0.00;32.19
3.040;2088.19;310.61;1222.30;707.73;2089.67;2187.67;1657.17;1930.41;29.22;0.00;31.97
3.050;2084.96;313.85;1227.64;705.56;2086.70;2188.30;1657.70;1926.77;29.02;0.00;31.76
3.060;2081.72;317.10;1232.94;703.41;2083.73;2188.93;1658.23;1923.15;28.83;0.00;31.56
3.070;2078.49;320.36;1238.22;701.27;2080.76;2189.56;1658.76;1919.53;28.63;0.00;31.35
3.080;2075.26;323.62;1243.46;699.16;2077.79;2190.19;1659.29;1915.92;28.44;0.00;31.14
3.090;2072.04;326.89;1248.68;697.05;2074.82;2190.82;1659.82;1912.32;28.26;0.00;30.94
3.100;2068.81;330.17;1253.86;694.97;2071.85;2191.45;1660.35;1908.74;28.07;0.00;30.74
3.110;2065.59;333.45;1259.02;692.90;2068.88;2192.08;1660.88;1905.15;27.89;0.00;30.54
3.120;2062.37;336.74;1264.14;690.85;2065.91;2192.71;1661.41;1901.58;27.70;0.00;30.35
3.130;2059.15;340.04;1269.24;688.82;2062.95;2193.35;1661.95;1898.02;27.52;0.00;30.15
3.140;2055.93;343.34;1274.30;686.80;2059.98;2193.98;1662.48;1894.46;27.35;0.00;29.96
3.150;2052.71;346.64;1279.33;684.80;2057.01;2194.61;1663.01;1890.92;27.17;0.00;29.77
3.160;2049.50;349.96;1284.34;682.82;2054.04;2195.24;1663.54;1887.38;27.00;0.00;29.58
3.170;2046.29;353.27;1289.32;680.85;2051.07;2195.87;1664.07;1883.85;26.83;0.00;29.39
3.180;2043.08;356.60;1294.26;678.90;2048.10;2196.50;1664.60;1880.33;26.66;0.00;29.20
3.190;2039.87;359.93;1299.18;676.96;2045.14;2197.14;1665.14;1876.81;26.49;0.00;29.02
3.200;2036.67;363.26;1304.07;675.04;2042.17;2197.77;1665.67;1873.31;26.33;0.00;28.84
3.210;2033.46;366.60;1308.93;673.13;2039.20;2198.40;1666.20;1869.81;26.16;0.00;28.66
3.220;2030.26;369.95;1313.76;671.24;2036.23;2199.03;1666.73;1866.32;26.00;0.00;28.48
3.230;2027.06;373.30;1318.57;669.36;2033.26;2199.66;1667.26;1862.84;25.84;0.00;28.30
3.240;2023.86;376.66;1323.35;667.50;2030.30;2200.30;1667.80;1859.36;25.68;0.00;28.12
3.250;2020.66;380.02;1328.09;665.66;2027.33;2200.93;1668.33;1855.90;25.53;0.00;27.95
3.260;2017.47;383.39;1332.82;663.82;2024.36;2201.56;1668.86;1852.44;25.37;0.00;27.77
3.270;2014.28;386.76;1337.51;662.01;2021.40;2202.20;1669.40;1848.98;25.22;0.00;27.60
3.280;2011.08;390.13;1342.17;660.20;2018.43;2202.83;1669.93;1845.54;25.07;0.00;27.43
3.290;2007.90;393.51;1346.81;658.42;2015.46;2203.46;1670.46;1842.10;24.92;0.00;27.26
3.300;2004.71;396.90;1351.42;656.64;2012.49;2204.09;1670.99;1838.67;24.77;0.00;27.09
3.310;2001.52;400.29;1356.01;654.88;2009.53;2204.73;1671.53;1835.25;24.63;0.00;26.93
3.320;1998.34;403.68;1360.57;653.14;2006.56;2205.36;1672.06;1831.83;24.48;0.00;26.76
3.330;1995.16;407.08;1365.10;651.40;2003.59;2205.99;1672.59;1828.42;24.34;0.00;26.60
3.340;1991.97;410.49;1369.60;649.68;2000.63;2206.63;1673.13;1825.02;24.20;0.00;26.44
3.350;1988.80;413.89;1374.08;647.98;1997.66;2207.26;1673.66;1821.63;24.06;0.00;26.28
3.360;1985.62;417.31;1378.53;646.29;1994.70;2207.90;1674.20;1818.24;23.92;0.00;26.12
3.370;1982.44;420.72;1382.96;644.61;1991.73;2208.53;1674.73;1814.86;23.78;0.00;25.96
3.380;1979.27;424.14;1387.36;642.94;1988.76;2209.16;1675.26;1811.48;23.65;0.00;25.81
3.390;1976.10;427.56;1391.73;641.29;1985.80;2209.80;1675.80;1808.12;23.51;0.00;25.65
3.400;1972.93;430.99;1396.08;639.65;1982.83;2210.43;1676.33;1804.75;23.38;0.00;25.50
3.410;1969.76;434.42;1400.40;638.03;1979.87;2211.07;1676.87;1801.40;23.25;0.00;25.34
3.420;1966.59;437.86;1404.70;636.41;1976.90;2211.70;1677.40;1798.05;23.12;0.00;25.19
3.430;1963.43;441.30;1408.97;634.81;1973.93;2212.33;1677.93;1794.71;22.99;0.00;25.04
3.440;1960.26;444.74;1413.22;633.22;1970.97;2212.97;1678.47;1791.37;22.87;0.00;24.89
3.450;1957.10;448.19;1417.44;631.65;1968.00;2213.60;1679.00;1788.04;22.74;0.00;24.75
3.460;1953.94;451.64;1421.64;630.08;1965.04;2214.24;1679.54;1784.72;22.62;0.00;24.60
3.470;1950.78;455.09;1425.81;628.53;1962.07;2214.87;1680.07;1781.40;22.50;0.00;24.46
3.480;1947.63;458.55;1429.96;626.99;1959.11;2215.51;1680.61;1778.09;22.38;0.00;24.31
3.490;1944.47;462.01;1434.08;625.47;1956.14;2216.14;1681.14;1774.79;22.26;0.00;24.17
3.500;1941.32;465.47;1438.18;623.95;1953.18;2216.78;1681.68;1771.49;22.14;0.00;24.03
3.510;1938.16;468.93;1442.26;622.45;1950.21;2217.41;1682.21;1768.20;22.02;0.00;23.89
3.520;1935.01;472.40;1446.31;620.96;1947.25;2218.05;1682.75;1764.91;21.90;0.00;23.75
3.530;1931.86;475.88;1450.34;619.48;1944.28;2218.68;1683.28;1761.63;21.79;0.00;23.61
3.540;1928.72;479.35;1454.34;618.01;1941.32;2219.32;1683.82;1758.35;21.68;0.00;23.47
3.550;1925.57;482.83;1458.32;616.55;1938.35;2219.95;1684.35;1755.08;21.56;0.00;23.33
3.560;1922.43;486.31;1462.28;615.10;1935.39;2220.59;1684.89;1751.82;21.45;0.00;23.20
3.570;1919.28;489.80;1466.21;613.67;1932.43;2221.23;1685.43;1748.56;21.34;0.00;23.06
3.580;1916.14;493.28;1470.12;612.25;1929.46;2221.86;1685.96;1745.30;21.23;0.00;22.93
3.590;1913.00;496.77;1474.00;610.83;1926.50;2222.50;1686.50;1742.05;21.13;0.00;22.80
3.600;1909.86;500.26;1477.87;609.43;1923.53;2223.13;1687.03;1738.81;21.02;0.00;22.67
3.610;1906.73;503.76;1481.71;608.04;1920.57;2223.77;1687.57;1735.57;20.92;0.00;22.54
3.620;1903.59;507.26;1485.53;606.66;1917.61;2224.41;1688.11;1732.34;20.81;0.00;22.41
3.630;1900.46;510.76;1489.32;605.29;1914.64;2225.04;1688.64;1729.12;20.71;0.00;22.28
3.640;1897.32;514.26;1493.09;603.94;1911.68;2225.68;1689.18;1725.89;20.61;0.00;22.15
3.650;1894.19;517.76;1496.84;602.59;1908.72;2226.32;1689.72;1722.68;20.50;0.00;22.03
3.660;1891.06;521.27;1500.57;601.25;1905.75;2226.95;1690.25;1719.47;20.40;0.00;21.90
3.670;1887.94;524.78;1504.28;599.92;1902.79;2227.59;1690.79;1716.26;20.31;0.00;21.78
3.680;1884.81;528.29;1507.96;598.61;1899.83;2228.23;1691.33;1713.06;20.21;0.00;21.65
3.690;1881.68;531.81;1511.62;597.30;1896.86;2228.86;1691.86;1709.86;20.11;0.00;21.53
3.700;1878.56;535.32;1515.26;596.00;1893.90;2229.50;1692.40;1706.67;20.02;0.00;21.41
3.710;1875.44;538.84;1518.88;594.72;1890.94;2230.14;1692.94;1703.48;19.92;0.00;21.29
3.720;1872.32;542.36;1522.48;593.44;1887.98;2230.78;1693.48;1700.30;19.83;0.00;21.17
3.730;1869.20;545.88;1526.05;592.18;1885.01;2231.41;1694.01;1697.12;19.73;0.00;21.05
3.740;1866.08;549.41;1529.61;590.92;1882.05;2232.05;1694.55;1693.95;19.64;0.00;20.93
3.750;1862.96;552.93;1533.14;589.67;1879.09;2232.69;1695.09;1690.78;19.55;0.00;20.81
3.760;1859.85;556.46;1536.65;588.43;1876.13;2233.33;1695.63;1687.62;19.46;0.00;20.70
3.770;1856.74;559.99;1540.14;587.21;1873.16;2233.96;1696.16;1684.46;19.37;0.00;20.58
3.780;1853.62;563.53;1543.61;585.99;1870.20;2234.60;1696.70;1681.31;19.28;0.00;20.47
3.790;1850.51;567.06;1547.06;584.78;1867.24;2235.24;1697.24;1678.16;19.20;0.00;20.35
3.800;1847.40;570.60;1550.48;583.58;1864.28;2235.88;1697.78;1675.01;19.11;0.00;20.24
3.810;1844.29;574.13;1553.89;582.39;1861.32;2236.52;1698.32;1671.87;19.02;0.00;20.13
3.820;1841.19;577.67;1557.28;581.21;1858.35;2237.15;1698.85;1668.73;18.94;0.00;20.02
3.830;1838.08;581.21;1560.64;580.04;1855.39;2237.79;1699.39;1665.60;18.86;0.00;19.91
3.840;1834.98;584.75;1563.99;578.88;1852.43;2238.43;1699.93;1662.47;18.77;0.00;19.79
3.850;1831.87;588.30;1567.31;577.72;1849.47;2239.07;1700.47;1659.35;18.69;0.00;19.69
3.860;1828.77;591.84;1570.62;576.58;1846.51;2239.71;1701.01;1656.23;18.61;0.00;19.58
3.870;1825.67;595.39;1573.91;575.44;1843.55;2240.35;1701.55;1653.11;18.53;0.00;19.47
3.880;1822.57;598.94;1577.17;574.31;1840.59;2240.99;1702.09;1650.00;18.45;0.00;19.36
3.890;1819.48;602.49;1580.42;573.20;1837.62;2241.62;1702.62;1646.89;18.37;0.00;19.26
3.900;1816.38;606.04;1583.64;572.09;1834.66;2242.26;1703.16;1643.79;18.29;0.00;19.15
3.910;1813.29;609.59;1586.85;570.98;1831.70;2242.90;1703.70;1640.69;18.22;0.00;19.04
3.920;1810.19;613.14;1590.04;569.89;1828.74;2243.54;1704.24;1637.59;18.14;0.00;18.94
3.930;1807.10;616.70;1593.20;568.81;1825.78;2244.18;1704.78;1634.50;18.06;0.00;18.84
3.940;1804.01;620.25;1596.35;567.73;1822.82;2244.82;1705.32;1631.41;17.99;0.00;18.73
3.950;1800.92;623.81;1599.48;566.66;1819.86;2245.46;1705.86;1628.33;17.91;0.00;18.63
3.960;1797.83;627.37;1602.59;565.61;1816.90;2246.10;1706.40;1625.24;17.84;0.00;18.53
3.970;1794.74;630.93;1605.68;564.55;1813.94;2246.74;1706.94;1622.17;17.77;0.00;18.43
3.980;1791.66;634.49;1608.75;563.51;1810.98;2247.38;1707.48;1619.09;17.70;0.00;18.33
3.990;1788.57;638.05;1611.81;562.48;1808.02;2248.02;1708.02;1616.02;17.62;0.00;18.23
4.000;1785.49;641.61;1614.84;561.45;1805.06;2248.66;1708.56;1612.96;17.55;0.00;18.13
4.010;1782.41;645.18;1617.86;560.43;1802.10;2249.30;1709.10;1609.90;17.48;0.00;18.03
4.020;1779.33;648.74;1620.85;559.42;1799.14;2249.94;1709.64;1606.84;17.41;0.00;17.93
4.030;1776.25;652.31;1623.83;558.42;1796.18;2250.58;1710.18;1603.78;17.35;0.00;17.84
4.040;1773.17;655.87;1626.79;557.42;1793.22;2251.22;1710.72;1600.73;17.28;0.00;17.74
4.050;1770.09;659.44;1629.74;556.44;1790.26;2251.86;1711.26;1597.68;17.21;0.00;17.64
4.060;1767.01;663.01;1632.66;555.46;1787.30;2252.50;1711.80;1594.63;17.14;0.00;17.55
4.070;1763.94;666.58;1635.57;554.48;1784.34;2253.14;1712.34;1591.59;17.08;0.00;17.45
4.080;1760.87;670.15;1638.46;553.52;1781.38;2253.78;1712.88;1588.55;17.01;0.00;17.36
4.090;1757.79;673.72;1641.33;552.56;1778.43;2254.43;1713.43;1585.52;16.95;0.00;17.26
4.100;1754.72;677.29;1644.18;551.61;1775.47;2255.07;1713.97;1582.48;16.89;0.00;17.17
4.110;1751.65;680.86;1647.01;550.67;1772.51;2255.71;1714.51;1579.46;16.82;0.00;17.08
4.120;1748.58;684.43;1649.83;549.74;1769.55;2256.35;1715.05;1576.43;16.76;0.00;16.99
4.130;1745.51;688.01;1652.63;548.81;1766.59;2256.99;1715.59;1573.41;16.70;0.00;16.89
4.140;1742.45;691.58;1655.41;547.89;1763.63;2257.63;1716.13;1570.39;16.64;0.00;16.80
4.150;1739.38;695.16;1658.18;546.97;1760.67;2258.27;1716.67;1567.37;16.58;0.00;16.71
4.160;1736.32;698.73;1660.93;546.07;1757.72;2258.92;1717.22;1564.36;16.51;0.00;16.62
4.170;1733.25;702.31;1663.66;545.17;1754.76;2259.56;1717.76;1561.35;16.46;0.00;16.53
4.180;1730.19;705.88;1666.37;544.28;1751.80;2260.20;1718.30;1558.34;16.40;0.00;16.45
4.190;1727.13;709.46;1669.07;543.39;1748.84;2260.84;1718.84;1555.33;16.34;0.00;16.36
4.200;1724.07;713.04;1671.75;542.51;1745.88;2261.48;1719.38;1552.33;16.28;0.00;16.27
4.210;1721.01;716.61;1674.41;541.64;1742.93;2262.13;1719.93;1549.33;16.22;0.00;16.18
4.220;1717.96;720.19;1677.05;540.78;1739.97;2262.77;1720.47;1546.34;16.17;0.00;16.10
4.230;1714.90;723.77;1679.68;539.92;1737.01;2263.41;1721.01;1543.34;16.11;0.00;16.01
4.240;1711.84;727.35;1682.30;539.07;1734.05;2264.05;1721.55;1540.35;16.05;0.00;15.92
4.250;1708.79;730.93;1684.89;538.23;1731.10;2264.70;1722.10;1537.37;16.00;0.00;15.84
4.260;1705.74;734.51;1687.47;537.39;1728.14;2265.34;1722.64;1534.38;15.94;0.00;15.75
4.270;1702.68;738.09;1690.04;536.56;1725.18;2265.98;1723.18;1531.40;15.89;0.00;15.67
4.280;1699.63;741.67;1692.58;535.73;1722.22;2266.62;1723.72;1528.42;15.84;0.00;15.59
4.290;1696.58;745.25;1695.11;534.92;1719.27;2267.27;1724.27;1525.44;15.78;0.00;15.50
4.300;1693.54;748.83;1697.63;534.10;1716.31;2267.91;1724.81;1522.47;15.73;0.00;15.42
4.310;1690.49;752.41;1700.13;533.30;1713.35;2268.55;1725.35;1519.50;15.68;0.00;15.34
4.320;1687.44;755.99;1702.61;532.50;1710.40;2269.20;1725.90;1516.53;15.63;0.00;15.25
4.330;1684.40;759.57;1705.08;531.71;1707.44;2269.84;1726.44;1513.56;15.58;0.00;15.17
4.340;1681.35;763.15;1707.53;530.92;1704.48;2270.48;1726.98;1510.60;15.53;0.00;15.09
4.350;1678.31;766.73;1709.97;530.14;1701.53;2271.13;1727.53;1507.63;15.48;0.00;15.01
4.360;1675.27;770.32;1712.39;529.37;1698.57;2271.77;1728.07;1504.67;15.43;0.00;14.93
4.370;1672.22;773.90;1714.79;528.60;1695.61;2272.41;1728.61;1501.72;15.38;0.00;14.85
4.380;1669.18;777.48;1717.18;527.84;1692.66;2273.06;1729.16;1498.76;15.33;0.00;14.77
4.390;1666.15;781.06;1719.56;527.08;1689.70;2273.70;1729.70;1495.81;15.28;0.00;14.69
4.400;1663.11;784.64;1721.91;526.33;1686.75;2274.35;1730.25;1492.86;15.23;0.00;14.61
4.410;1660.07;788.23;1724.26;525.59;1683.79;2274.99;1730.79;1489.91;15.19;0.00;14.54
4.420;1657.03;791.81;1726.59;524.85;1680.83;2275.63;1731.33;1486.97;15.14;0.00;14.46
4.430;1654.00;795.39;1728.90;524.12;1677.88;2276.28;1731.88;1484.03;15.09;0.00;14.38
4.440;1650.97;798.97;1731.20;523.39;1674.92;2276.92;1732.42;1481.08;15.05;0.00;14.30
4.450;1647.93;802.55;1733.48;522.67;1671.97;2277.57;1732.97;1478.15;15.00;0.00;14.23
4.460;1644.90;806.14;1735.75;521.96;1669.01;2278.21;1733.51;1475.21;14.96;0.00;14.15
4.470;1641.87;809.72;1738.00;521.25;1666.06;2278.86;1734.06;1472.28;14.91;0.00;14.08
4.480;1638.84;813.30;1740.24;520.54;1663.10;2279.50;1734.60;1469.34;14.87;0.00;14.00
4.490;1635.81;816.88;1742.47;519.85;1660.15;2280.15;1735.15;1466.41;14.82;0.00;13.93
4.500;1632.78;820.46;1744.68;519.15;1657.19;2280.79;1735.69;1463.49;14.78;0.00;13.85
4.510;1629.76;824.05;1746.87;518.47;1654.24;2281.44;1736.24;1460.56;14.74;0.00;13.78
4.520;1626.73;827.63;1749.05;517.79;1651.28;2282.08;1736.78;1457.64;14.69;0.00;13.70
4.530;1623.71;831.21;1751.22;517.11;1648.33;2282.73;1737.33;1454.72;14.65;0.00;13.63
4.540;1620.68;834.79;1753.37;516.44;1645.37;2283.37;1737.87;1451.80;14.61;0.00;13.56
4.550;1617.66;838.37;1755.51;515.77;1642.42;2284.02;1738.42;1448.88;14.57;0.00;13.48
4.560;1614.64;841.95;1757.63;515.12;1639.47;2284.67;1738.97;1445.96;14.53;0.00;13.41
4.570;1611.62;845.53;1759.74;514.46;1636.51;2285.31;1739.51;1443.05;14.49;0.00;13.34
4.580;1608.59;849.11;1761.84;513.81;1633.56;2285.96;1740.06;1440.14;14.45;0.00;13.27
4.590;1605.58;852.69;1763.92;513.17;1630.60;2286.60;1740.60;1437.23;14.41;0.00;13.20
4.600;1602.56;856.27;1765.99;512.53;1627.65;2287.25;1741.15;1434.32;14.37;0.00;13.12
4.610;1599.54;859.85;1768.05;511.90;1624.70;2287.90;1741.70;1431.41;14.33;0.00;13.05
4.620;1596.52;863.43;1770.09;511.27;1621.74;2288.54;1742.24;1428.51;14.29;0.00;12.98
4.630;1593.51;867.01;1772.11;510.64;1618.79;2289.19;1742.79;1425.61;14.25;0.00;12.91
4.640;1590.49;870.59;1774.13;510.03;1615.83;2289.83;1743.33;1422.70;14.21;0.00;12.84
4.650;1587.48;874.17;1776.13;509.41;1612.88;2290.48;1743.88;1419.81;14.18;0.00;12.77
4.660;1584.47;877.75;1778.11;508.80;1609.93;2291.13;1744.43;1416.91;14.14;0.00;12.70
4.670;1581.46;881.32;1780.09;508.20;1606.97;2291.77;1744.97;1414.01;14.10;0.00;12.64
4.680;1578.45;884.90;1782.05;507.60;1604.02;2292.42;1745.52;1411.12;14.07;0.00;12.57
4.690;1575.44;888.48;1784.00;507.01;1601.07;2293.07;1746.07;1408.23;14.03;0.00;12.50
4.700;1572.43;892.06;1785.93;506.42;1598.12;2293.72;1746.62;1405.34;14.00;0.00;12.43
4.710;1569.42;895.63;1787.85;505.84;1595.16;2294.36;1747.16;1402.45;13.96;0.00;12.36
4.720;1566.41;899.21;1789.76;505.26;1592.21;2295.01;1747.71;1399.56;13.92;0.00;12.30
4.730;1563.41;902.78;1791.65;504.68;1589.26;2295.66;1748.26;1396.67;13.89;0.00;12.23
4.740;1560.40;906.36;1793.53;504.11;1586.30;2296.30;1748.80;1393.79;13.86;0.00;12.16
4.750;1557.40;909.93;1795.40;503.55;1583.35;2296.95;1749.35;1390.91;13.82;0.00;12.10
4.760;1554.39;913.51;1797.26;502.99;1580.40;2297.60;1749.90;1388.03;13.79;0.00;12.03
4.770;1551.39;917.08;1799.10;502.43;1577.45;2298.25;1750.45;1385.15;13.75;0.00;11.97
4.780;1548.39;920.66;1800.94;501.88;1574.50;2298.90;1751.00;1382.27;13.72;0.00;11.90
4.790;1545.39;924.23;1802.75;501.33;1571.54;2299.54;1751.54;1379.39;13.69;0.00;11.83
4.800;1542.39;927.80;1804.56;500.79;1568.59;2300.19;1752.09;1376.52;13.66;0.00;11.77
4.810;1539.39;931.37;1806.35;500.25;1565.64;2300.84;1752.64;1373.64;13.62;0.00;11.71
4.820;1536.39;934.95;1808.13;499.72;1562.69;2301.49;1753.19;1370.77;13.59;0.00;11.64
4.830;1533.39;938.52;1809.90;499.19;1559.74;2302.14;1753.74;1367.90;13.56;0.00;11.58
4.840;1530.40;942.09;1811.66;498.66;1556.79;2302.79;1754.29;1365.03;13.53;0.00;11.51
4.850;1527.40;945.66;1813.40;498.14;1553.83;2303.43;1754.83;1362.16;13.50;0.00;11.45
4.860;1524.41;949.23;1815.14;497.63;1550.88;2304.08;1755.38;1359.30;13.47;0.00;11.39
4.870;1521.41;952.80;1816.86;497.11;1547.93;2304.73;1755.93;1356.43;13.44;0.00;11.32
4.880;1518.42;956.37;1818.57;496.61;1544.98;2305.38;1756.48;1353.57;13.41;0.00;11.26
4.890;1515.43;959.93;1820.26;496.10;1542.03;2306.03;1757.03;1350.70;13.38;0.00;11.20
4.900;1512.44;963.50;1821.95;495.60;1539.08;2306.68;1757.58;1347.84;13.35;0.00;11.14
4.910;1509.45;967.07;1823.62;495.11;1536.13;2307.33;1758.13;1344.98;13.32;0.00;11.07
4.920;1506.46;970.63;1825.28;494.62;1533.18;2307.98;1758.68;1342.12;13.29;0.00;11.01
4.930;1503.47;974.20;1826.93;494.13;1530.23;2308.63;1759.23;1339.27;13.26;0.00;10.95
4.940;1500.48;977.77;1828.57;493.65;1527.28;2309.28;1759.78;1336.41;13.23;0.00;10.89
4.950;1497.49;981.33;1830.19;493.17;1524.33;2309.93;1760.33;1333.56;13.20;0.00;10.83
4.960;1494.51;984.89;1831.81;492.69;1521.38;2310.58;1760.88;1330.70;13.17;0.00;10.77
4.970;1491.52;988.46;1833.41;492.22;1518.43;2311.23;1761.43;1327.85;13.15;0.00;10.71
4.980;1488.54;992.02;1835.00;491.76;1515.47;2311.87;1761.97;1325.00;13.12;0.00;10.65
4.990;1485.55;995.58;1836.58;491.29;1512.52;2312.52;1762.52;1322.15;13.09;0.00;10.59
5.000;1482.57;999.14;1838.15;490.83;1509.58;2313.18;1763.08;1319.30;13.07;0.00;10.53
5.010;1479.59;1002.71;1839.71;490.38;1506.63;2313.83;1763.63;1316.45;13.04;0.00;10.47
5.020;1476.60;1006.27;1841.26;489.93;1503.68;2314.48;1764.18;1313.60;13.01;0.00;10.41
5.030;1473.62;1009.83;1842.79;489.48;1500.73;2315.13;1764.73;1310.76;12.99;0.00;10.35
5.040;1470.64;1013.39;1844.32;489.04;1497.78;2315.78;1765.28;1307.91;12.96;0.00;10.29
5.050;1467.67;1016.94;1845.83;488.59;1494.83;2316.43;1765.83;1305.07;12.94;0.00;10.23
5.060;1464.69;1020.50;1847.33;488.16;1491.88;2317.08;1766.38;1302.23;12.91;0.00;10.18
5.070;1461.71;1024.06;1848.83;487.73;1488.93;2317.73;1766.93;1299.39;12.88;0.00;10.12
5.080;1458.73;1027.62;1850.31;487.30;1485.98;2318.38;1767.48;1296.54;12.86;0.00;10.06
5.090;1455.76;1031.17;1851.78;486.87;1483.03;2319.03;1768.03;1293.71;12.83;0.00;10.00
5.100;1452.78;1034.73;1853.24;486.45;1480.08;2319.68;1768.58;1290.87;12.81;0.00;9.94
5.110;1449.81;1038.28;1854.69;486.03;1477.13;2320.33;1769.13;1288.03;12.79;0.00;9.89
5.120;1446.83;1041.84;1856.12;485.62;1474.18;2320.98;1769.68;1285.19;12.76;0.00;9.83
5.130;1443.86;1045.39;1857.55;485.20;1471.24;2321.64;1770.24;1282.36;12.74;0.00;9.77
5.140;1440.89;1048.94;1858.97;484.80;1468.29;2322.29;1770.79;1279.52;12.71;0.00;9.72
5.150;1437.92;1052.49;1860.38;484.39;1465.34;2322.94;1771.34;1276.69;12.69;0.00;9.66
5.160;1434.95;1056.05;1861.77;483.99;1462.39;2323.59;1771.89;1273.86;12.67;0.00;9.60
5.170;1431.98;1059.60;1863.16;483.60;1459.44;2324.24;1772.44;1271.02;12.65;0.00;9.55
5.180;1429.01;1063.15;1864.54;483.20;1456.49;2324.89;1772.99;1268.19;12.62;0.00;9.49
5.190;1426.04;1066.69;1865.90;482.81;1453.55;2325.55;1773.55;1265.36;12.60;0.00;9.44
5.200;1423.07;1070.24;1867.26;482.42;1450.60;2326.20;1774.10;1262.53;12.58;0.00;9.38
5.210;1420.11;1073.79;1868.60;482.04;1447.65;2326.85;1774.65;1259.71;12.56;0.00;9.33
5.220;1417.14;1077.34;1869.94;481.66;1444.70;2327.50;1775.20;1256.88;12.53;0.00;9.27
5.230;1414.17;1080.88;1871.27;481.28;1441.75;2328.15;1775.75;1254.05;12.51;0.00;9.22
5.240;1411.21;1084.43;1872.58;480.91;1438.81;2328.81;1776.31;1251.23;12.49;0.00;9.16
5.250;1408.25;1087.97;1873.89;480.54;1435.86;2329.46;1776.86;1248.40;12.47;0.00;9.11
5.260;1405.28;1091.52;1875.18;480.17;1432.91;2330.11;1777.41;1245.58;12.45;0.00;9.06
5.270;1402.32;1095.06;1876.47;479.80;1429.97;2330.77;1777.97;1242.75;12.43;0.00;9.00
5.280;1399.36;1098.61;1877.75;479.44;1427.02;2331.42;1778.52;1239.93;12.41;0.00;8.95
5.290;1396.40;1102.15;1879.01;479.09;1424.07;2332.07;1779.07;1237.11;12.39;0.00;8.89
5.300;1393.44;1105.69;1880.27;478.73;1421.12;2332.72;1779.62;1234.29;12.37;0.00;8.84
5.310;1390.48;1109.23;1881.52;478.38;1418.18;2333.38;1780.18;1231.47;12.35;0.00;8.79
5.320;1387.52;1112.77;1882.76;478.03;1415.23;2334.03;1780.73;1228.65;12.33;0.00;8.73
5.330;1384.56;1116.31;1883.99;477.68;1412.28;2334.68;1781.28;1225.83;12.31;0.00;8.68
5.340;1381.60;1119.85;1885.21;477.34;1409.34;2335.34;1781.84;1223.01;12.29;0.00;8.63
5.350;1378.65;1123.38;1886.42;477.00;1406.39;2335.99;1782.39;1220.19;12.27;0.00;8.58
5.360;1375.69;1126.92;1887.62;476.66;1403.45;2336.65;1782.95;1217.38;12.25;0.00;8.53
5.370;1372.74;1130.46;1888.81;476.33;1400.50;2337.30;1783.50;1214.56;12.23;0.00;8.47
5.380;1369.78;1133.99;1889.99;476.00;1397.55;2337.95;1784.05;1211.75;12.21;0.00;8.42
5.390;1366.83;1137.53;1891.16;475.67;1394.61;2338.61;1784.61;1208.93;12.19;0.00;8.37
5.400;1363.87;1141.06;1892.33;475.35;1391.66;2339.26;1785.16;1206.12;12.18;0.00;8.32
5.410;1360.92;1144.59;1893.48;475.02;1388.72;2339.92;1785.72;1203.30;12.16;0.00;8.27
5.420;1357.97;1148.13;1894.63;474.71;1385.77;2340.57;1786.27;1200.49;12.14;0.00;8.22
5.430;1355.02;1151.66;1895.77;474.39;1382.82;2341.22;1786.82;1197.68;12.12;0.00;8.17
5.440;1352.07;1155.19;1896.90;474.08;1379.88;2341.88;1787.38;1194.87;12.10;0.00;8.11
5.450;1349.12;1158.72;1898.01;473.76;1376.93;2342.53;1787.93;1192.06;12.09;0.00;8.06
5.460;1346.17;1162.25;1899.13;473.46;1373.99;2343.19;1788.49;1189.25;12.07;0.00;8.01
5.470;1343.22;1165.78;1900.23;473.15;1371.04;2343.84;1789.04;1186.44;12.05;0.00;7.96
5.480;1340.27;1169.30;1901.32;472.85;1368.10;2344.50;1789.60;1183.63;12.04;0.00;7.91
5.490;1337.33;1172.83;1902.41;472.55;1365.15;2345.15;1790.15;1180.82;12.02;0.00;7.86
5.500;1334.38;1176.36;1903.48;472.25;1362.21;2345.81;1790.71;1178.01;12.00;0.00;7.81
5.510;1331.43;1179.88;1904.55;471.96;1359.26;2346.46;1791.26;1175.20;11.99;0.00;7.76
5.520;1328.49;1183.41;1905.61;471.66;1356.32;2347.12;1791.82;1172.40;11.97;0.00;7.71
5.530;1325.54;1186.93;1906.66;471.37;1353.37;2347.77;1792.37;1169.59;11.95;0.00;7.67
5.540;1322.60;1190.45;1907.70;471.09;1350.43;2348.43;1792.93;1166.79;11.94;0.00;7.62
5.550;1319.66;1193.98;1908.74;470.80;1347.48;2349.08;1793.48;1163.98;11.92;0.00;7.57
5.560;1316.71;1197.50;1909.76;470.52;1344.54;2349.74;1794.04;1161.18;11.91;0.00;7.52
5.570;1313.77;1201.02;1910.78;470.24;1341.60;2350.40;1794.60;1158.37;11.89;0.00;7.47
5.580;1310.83;1204.54;1911.79;469.96;1338.65;2351.05;1795.15;1155.57;11.87;0.00;7.42
5.590;1307.89;1208.06;1912.79;469.69;1335.71;2351.71;1795.71;1152.76;11.86;0.00;7.37
5.600;1304.95;1211.58;1913.78;469.42;1332.76;2352.36;1796.26;1149.96;11.84;0.00;7.33
5.610;1302.01;1215.10;1914.77;469.15;1329.82;2353.02;1796.82;1147.16;11.83;0.00;7.28
5.620;1299.07;1218.61;1915.74;468.88;1326.88;2353.68;1797.38;1144.36;11.81;0.00;7.23
5.630;1296.14;1222.13;1916.71;468.62;1323.93;2354.33;1797.93;1141.56;11.80;0.00;7.18
5.640;1293.20;1225.65;1917.67;468.36;1320.99;2354.99;1798.49;1138.76;11.78;0.00;7.13
5.650;1290.26;1229.16;1918.63;468.10;1318.05;2355.65;1799.05;1135.96;11.77;0.00;7.09
5.660;1287.32;1232.67;1919.57;467.84;1315.10;2356.30;1799.60;1133.16;11.76;0.00;7.04
5.670;1284.39;1236.19;1920.51;467.58;1312.16;2356.96;1800.16;1130.36;11.74;0.00;6.99
5.680;1281.45;1239.70;1921.44;467.33;1309.22;2357.62;1800.72;1127.56;11.73;0.00;6.95
5.690;1278.52;1243.21;1922.36;467.08;1306.27;2358.27;1801.27;1124.76;11.71;0.00;6.90
5.700;1275.59;1246.72;1923.28;466.83;1303.33;2358.93;1801.83;1121.96;11.70;0.00;6.85
5.710;1272.65;1250.23;1924.18;466.59;1300.39;2359.59;1802.39;1119.16;11.69;0.00;6.81
5.720;1269.72;1253.74;1925.08;466.34;1297.45;2360.25;1802.95;1116.36;11.67;0.00;6.76
5.730;1266.79;1257.25;1925.97;466.10;1294.50;2360.90;1803.50;1113.57;11.66;0.00;6.71
5.740;1263.86;1260.76;1926.86;465.86;1291.56;2361.56;1804.06;1110.77;11.65;0.00;6.67
5.750;1260.93;1264.27;1927.74;465.63;1288.62;2362.22;1804.62;1107.97;11.63;0.00;6.62
5.760;1258.00;1267.77;1928.61;465.39;1285.68;2362.88;1805.18;1105.18;11.62;0.00;6.58
5.770;1255.07;1271.28;1929.47;465.16;1282.73;2363.53;1805.73;1102.38;11.61;0.00;6.53
5.780;1252.14;1274.79;1930.32;464.93;1279.79;2364.19;1806.29;1099.59;11.60;0.00;6.49
5.790;1249.21;1278.29;1931.17;464.70;1276.85;2364.85;1806.85;1096.79;11.58;0.00;6.44
5.800;1246.28;1281.79;1932.01;464.48;1273.91;2365.51;1807.41;1094.00;11.57;0.00;6.40
5.810;1243.36;1285.30;1932.84;464.25;1270.97;2366.17;1807.97;1091.20;11.56;0.00;6.35
5.820;1240.43;1288.80;1933.67;464.03;1268.02;2366.82;1808.52;1088.41;11.55;0.00;6.31
5.830;1237.50;1292.30;1934.49;463.81;1265.08;2367.48;1809.08;1085.62;11.53;0.00;6.26
5.840;1234.58;1295.80;1935.30;463.59;1262.14;2368.14;1809.64;1082.82;11.52;0.00;6.22
5.850;1231.65;1299.30;1936.11;463.38;1259.20;2368.80;1810.20;1080.03;11.51;0.00;6.17
5.860;1228.73;1302.80;1936.91;463.16;1256.26;2369.46;1810.76;1077.24;11.50;0.00;6.13
5.870;1225.81;1306.30;1937.70;462.95;1253.32;2370.12;1811.32;1074.44;11.49;0.00;6.08
5.880;1222.88;1309.80;1938.48;462.74;1250.38;2370.78;1811.88;1071.65;11.48;0.00;6.04
5.890;1219.96;1313.29;1939.26;462.53;1247.43;2371.43;1812.43;1068.86;11.46;0.00;6.00
5.900;1217.04;1316.79;1940.03;462.33;1244.49;2372.09;1812.99;1066.07;11.45;0.00;5.95
5.910;1214.12;1320.29;1940.79;462.12;1241.55;2372.75;1813.55;1063.28;11.44;0.00;5.91
5.920;1211.20;1323.78;1941.55;461.92;1238.61;2373.41;1814.11;1060.49;11.43;0.00;5.87
5.930;1208.28;1327.27;1942.30;461.72;1235.67;2374.07;1814.67;1057.70;11.42;0.00;5.82
5.940;1205.36;1330.77;1943.05;461.52;1232.73;2374.73;1815.23;1054.90;11.41;0.00;5.78
5.950;1202.44;1334.26;1943.79;461.33;1229.79;2375.39;1815.79;1052.11;11.40;0.00;5.74
5.960;1199.52;1337.75;1944.52;461.13;1226.85;2376.05;1816.35;1049.32;11.39;0.00;5.69
5.970;1196.60;1341.24;1945.24;460.94;1223.91;2376.71;1816.91;1046.54;11.38;0.00;5.65
5.980;1193.69;1344.73;1945.96;460.75;1220.97;2377.37;1817.47;1043.75;11.37;0.00;5.61
5.990;1190.77;1348.22;1946.67;460.56;1218.03;2378.03;1818.03;1040.96;11.36;0.00;5.57
6.000;1187.85;1351.71;1947.38;460.37;1215.09;2378.69;1818.59;1038.17;11.35;0.00;5.52
6.010;1184.94;1355.20;1948.08;460.19;1212.15;2379.35;1819.15;1035.38;11.34;0.00;5.48
6.020;1182.02;1358.69;1948.77;460.01;1209.21;2380.01;1819.71;1032.59;11.33;0.00;5.44
6.030;1179.11;1362.18;1949.46;459.82;1206.27;2380.67;1820.27;1029.80;11.32;0.00;5.40
6.040;1176.19;1365.66;1950.14;459.64;1203.33;2381.33;1820.83;1027.01;11.31;0.00;5.36
6.050;1173.28;1369.15;1950.81;459.47;1200.39;2381.99;1821.39;1024.23;11.30;0.00;5.31
6.060;1170.37;1372.64;1951.48;459.29;1197.45;2382.65;1821.95;1021.44;11.29;0.00;5.27
6.070;1167.45;1376.12;1952.15;459.11;1194.51;2383.31;1822.51;1018.65;11.28;0.00;5.23
6.080;1164.54;1379.60;1952.80;458.94;1191.57;2383.97;1823.07;1015.86;11.27;0.00;5.19
6.090;1161.63;1383.09;1953.45;458.77;1188.64;2384.64;1823.64;1013.08;11.26;0.00;5.15
6.100;1158.72;1386.57;1954.10;458.60;1185.70;2385.30;1824.20;1010.29;11.25;0.00;5.11
6.110;1155.81;1390.05;1954.74;458.43;1182.76;2385.96;1824.76;1007.50;11.24;0.00;5.07
6.120;1152.90;1393.53;1955.37;458.27;1179.82;2386.62;1825.32;1004.71;11.23;0.00;5.03
6.130;1149.99;1397.01;1956.00;458.10;1176.88;2387.28;1825.88;1001.93;11.22;0.00;4.99
6.140;1147.08;1400.49;1956.62;457.94;1173.94;2387.94;1826.44;999.14;11.21;0.00;4.95
6.150;1144.17;1403.97;1957.23;457.78;1171.00;2388.60;1827.00;996.36;11.21;0.00;4.91
6.160;1141.27;1407.45;1957.84;457.62;1168.07;2389.27;1827.57;993.57;11.20;0.00;4.86
6.170;1138.36;1410.93;1958.45;457.46;1165.13;2389.93;1828.13;990.78;11.19;0.00;4.82
6.180;1135.45;1414.40;1959.05;457.30;1162.19;2390.59;1828.69;988.00;11.18;0.00;4.78
6.190;1132.55;1417.88;1959.64;457.14;1159.25;2391.25;1829.25;985.21;11.17;0.00;4.75
6.200;1129.64;1421.36;1960.23;456.99;1156.31;2391.91;1829.81;982.43;11.16;0.00;4.71
6.210;1126.74;1424.83;1960.81;456.84;1153.38;2392.58;1830.38;979.64;11.16;0.00;4.67
6.220;1123.83;1428.31;1961.39;456.69;1150.44;2393.24;1830.94;976.86;11.15;0.00;4.63
6.230;1120.93;1431.78;1961.96;456.54;1147.50;2393.90;1831.50;974.07;11.14;0.00;4.59
6.240;1118.02;1435.25;1962.53;456.39;1144.56;2394.56;1832.06;971.29;11.13;0.00;4.55
6.250;1115.12;1438.73;1963.09;456.24;1141.63;2395.23;1832.63;968.50;11.12;0.00;4.51
6.260;1112.22;1442.20;1963.64;456.10;1138.69;2395.89;1833.19;965.72;11.12;0.00;4.47
6.270;1109.32;1445.67;1964.19;455.95;1135.75;2396.55;1833.75;962.93;11.11;0.00;4.43
6.280;1106.41;1449.14;1964.74;455.81;1132.81;2397.21;1834.31;960.15;11.10;0.00;4.39
6.290;1103.51;1452.61;1965.28;455.67;1129.88;2397.88;1834.88;957.36;11.09;0.00;4.35
6.300;1100.61;1456.08;1965.81;455.53;1126.94;2398.54;1835.44;954.58;11.08;0.00;4.32
6.310;1097.71;1459.55;1966.34;455.39;1124.00;2399.20;1836.00;951.80;11.08;0.00;4.28
6.320;1094.81;1463.02;1966.86;455.26;1121.07;2399.87;1836.57;949.01;11.07;0.00;4.24
6.330;1091.91;1466.49;1967.38;455.12;1118.13;2400.53;1837.13;946.23;11.06;0.00;4.20
6.340;1089.01;1469.95;1967.90;454.99;1115.19;2401.19;1837.69;943.44;11.06;0.00;4.16
6.350;1086.12;1473.42;1968.41;454.86;1112.26;2401.86;1838.26;940.66;11.05;0.00;4.12
6.360;1083.22;1476.89;1968.91;454.73;1109.32;2402.52;1838.82;937.88;11.04;0.00;4.09
6.370;1080.32;1480.35;1969.41;454.60;1106.38;2403.18;1839.38;935.09;11.03;0.00;4.05
6.380;1077.42;1483.82;1969.91;454.47;1103.45;2403.85;1839.95;932.31;11.03;0.00;4.01
6.390;1074.53;1487.28;1970.40;454.34;1100.51;2404.51;1840.51;929.53;11.02;0.00;3.97
6.400;1071.63;1490.75;1970.88;454.21;1097.58;2405.18;1841.08;926.74;11.01;0.00;3.94
6.410;1068.74;1494.21;1971.36;454.09;1094.64;2405.84;1841.64;923.96;11.01;0.00;3.90
6.420;1065.84;1497.67;1971.84;453.97;1091.70;2406.50;1842.20;921.18;11.00;0.00;3.86
6.430;1062.95;1501.14;1972.31;453.84;1088.77;2407.17;1842.77;918.39;10.99;0.00;3.83
6.440;1060.05;1504.60;1972.77;453.72;1085.83;2407.83;1843.33;915.61;10.99;0.00;3.79
6.450;1057.16;1508.06;1973.24;453.60;1082.90;2408.50;1843.90;912.83;10.98;0.00;3.75
6.460;1054.27;1511.52;1973.69;453.49;1079.96;2409.16;1844.46;910.05;10.98;0.00;3.72
6.470;1051.37;1514.98;1974.15;453.37;1077.03;2409.83;1845.03;907.26;10.97;0.00;3.68
6.480;1048.48;1518.44;1974.59;453.25;1074.09;2410.49;1845.59;904.48;10.96;0.00;3.64
6.490;1045.59;1521.90;1975.04;453.14;1071.16;2411.16;1846.16;901.70;10.96;0.00;3.61
6.500;1042.70;1525.36;1975.48;453.03;1068.22;2411.82;1846.72;898.91;10.95;0.00;3.57
6.510;1039.81;1528.81;1975.91;452.91;1065.29;2412.49;1847.29;896.13;10.94;0.00;3.54
6.520;1036.92;1532.27;1976.34;452.80;1062.35;2413.15;1847.85;893.35;10.94;0.00;3.50
6.530;1034.03;1535.73;1976.77;452.69;1059.42;2413.82;1848.42;890.57;10.93;0.00;3.46
6.540;1031.14;1539.18;1977.19;452.58;1056.48;2414.48;1848.98;887.78;10.93;0.00;3.43
6.550;1028.25;1542.64;1977.61;452.48;1053.55;2415.15;1849.55;885.00;10.92;0.00;3.39
6.560;1025.36;1546.10;1978.02;452.37;1050.62;2415.82;1850.12;882.22;10.92;0.00;3.36
6.570;1022.47;1549.55;1978.43;452.26;1047.68;2416.48;1850.68;879.44;10.91;0.00;3.32
6.580;1019.59;1553.01;1978.84;452.16;1044.75;2417.15;1851.25;876.65;10.90;0.00;3.29
6.590;1016.70;1556.46;1979.24;452.06;1041.81;2417.81;1851.81;873.87;10.90;0.00;3.25
6.600;1013.81;1559.91;1979.63;451.95;1038.88;2418.48;1852.38;871.09;10.89;0.00;3.22
6.610;1010.93;1563.37;1980.03;451.85;1035.95;2419.15;1852.95;868.31;10.89;0.00;3.18
6.620;1008.04;1566.82;1980.42;451.75;1033.01;2419.81;1853.51;865.53;10.88;0.00;3.15
6.630;1005.15;1570.27;1980.80;451.65;1030.08;2420.48;1854.08;862.74;10.88;0.00;3.11
6.640;1002.27;1573.72;1981.18;451.56;1027.14;2421.14;1854.64;859.96;10.87;0.00;3.08
6.650;999.39;1577.17;1981.56;451.46;1024.21;2421.81;1855.21;857.18;10.87;0.00;3.05
6.660;996.50;1580.62;1981.93;451.36;1021.28;2422.48;1855.78;854.40;10.86;0.00;3.01
6.670;993.62;1584.07;1982.30;451.27;1018.34;2423.14;1856.34;851.62;10.86;0.00;2.98
6.680;990.73;1587.52;1982.67;451.17;1015.41;2423.81;1856.91;848.83;10.85;0.00;2.94
6.690;987.85;1590.97;1983.03;451.08;1012.48;2424.48;1857.48;846.05;10.85;0.00;2.91
6.700;984.97;1594.42;1983.39;450.99;1009.55;2425.15;1858.05;843.27;10.84;0.00;2.88
6.710;982.09;1597.87;1983.74;450.90;1006.61;2425.81;1858.61;840.49;10.84;0.00;2.84
6.720;979.21;1601.32;1984.09;450.81;1003.68;2426.48;1859.18;837.70;10.83;0.00;2.81
6.730;976.32;1604.76;1984.44;450.72;1000.75;2427.15;1859.75;834.92;10.83;0.00;2.78
6.740;973.44;1608.21;1984.78;450.63;997.81;2427.81;1860.31;832.14;10.82;0.00;2.74
6.750;970.56;1611.66;1985.12;450.55;994.88;2428.48;1860.88;829.36;10.82;0.00;2.71
6.760;967.68;1615.10;1985.46;450.46;991.95;2429.15;1861.45;826.58;10.81;0.00;2.68
6.770;964.80;1618.55;1985.79;450.38;989.02;2429.82;1862.02;823.79;10.81;0.00;2.64
6.780;961.92;1622.00;1986.12;450.29;986.09;2430.49;1862.59;821.01;10.81;0.00;2.61
6.790;959.05;1625.44;1986.45;450.21;983.15;2431.15;1863.15;818.23;10.80;0.00;2.58
6.800;956.17;1628.89;1986.77;450.13;980.22;2431.82;1863.72;815.45;10.80;0.00;2.55
6.810;953.29;1632.33;1987.09;450.05;977.29;2432.49;1864.29;812.67;10.79;0.00;2.51
6.820;950.41;1635.77;1987.40;449.97;974.36;2433.16;1864.86;809.88;10.79;0.00;2.48
6.830;947.53;1639.22;1987.72;449.89;971.43;2433.83;1865.43;807.10;10.78;0.00;2.45
6.840;944.66;1642.66;1988.03;449.81;968.50;2434.50;1866.00;804.32;10.78;0.00;2.42
6.850;941.78;1646.10;1988.33;449.73;965.56;2435.16;1866.56;801.54;10.78;0.00;2.39
6.860;938.91;1649.55;1988.63;449.65;962.63;2435.83;1867.13;798.76;10.77;0.00;2.35
6.870;936.03;1652.99;1988.93;449.58;959.70;2436.50;1867.70;795.97;10.77;0.00;2.32
6.880;933.16;1656.43;1989.23;449.50;956.77;2437.17;1868.27;793.19;10.76;0.00;2.29
6.890;930.28;1659.87;1989.52;449.43;953.84;2437.84;1868.84;790.41;10.76;0.00;2.26
6.900;927.41;1663.31;1989.81;449.35;950.91;2438.51;1869.41;787.63;10.76;0.00;2.23
6.910;924.53;1666.75;1990.10;449.28;947.98;2439.18;1869.98;784.84;10.75;0.00;2.20
6.920;921.66;1670.19;1990.38;449.21;945.05;2439.85;1870.55;782.06;10.75;0.00;2.17
6.930;918.79;1673.63;1990.66;449.14;942.12;2440.52;1871.12;779.28;10.74;0.00;2.13
6.940;915.91;1677.07;1990.94;449.07;939.19;2441.19;1871.69;776.50;10.74;0.00;2.10
6.950;913.04;1680.51;1991.22;449.00;936.26;2441.86;1872.26;773.71;10.74;0.00;2.07
6.960;910.17;1683.95;1991.49;448.93;933.33;2442.53;1872.83;770.93;10.73;0.00;2.04
6.970;907.30;1687.39;1991.76;448.86;930.40;2443.20;1873.40;768.15;10.73;0.00;2.01
6.980;904.43;1690.83;1992.02;448.80;927.46;2443.86;1873.96;765.37;10.73;0.00;1.98
6.990;901.55;1694.26;1992.29;448.73;924.53;2444.53;1874.53;762.59;10.72;0.00;1.95
7.000;898.68;1697.70;1992.55;448.67;921.61;2445.21;1875.11;759.80;10.72;0.00;1.92
7.010;895.81;1701.14;1992.81;448.60;918.68;2445.88;1875.68;757.02;10.72;0.00;1.89
7.020;892.94;1704.58;1993.06;448.54;915.75;2446.55;1876.25;754.24;10.71;0.00;1.86
7.030;890.08;1708.01;1993.31;448.47;912.82;2447.22;1876.82;751.46;10.71;0.00;1.83
7.040;887.21;1711.45;1993.56;448.41;909.89;2447.89;1877.39;748.67;10.71;0.00;1.80
7.050;884.34;1714.88;1993.81;448.35;906.96;2448.56;1877.96;745.89;10.70;0.00;1.77
7.060;881.47;1718.32;1994.05;448.29;904.03;2449.23;1878.53;743.11;10.70;0.00;1.74
7.070;878.60;1721.76;1994.30;448.23;901.10;2449.90;1879.10;740.32;10.70;0.00;1.71
7.080;875.73;1725.19;1994.54;448.17;898.17;2450.57;1879.67;737.54;10.69;0.00;1.69
7.090;872.87;1728.63;1994.77;448.11;895.24;2451.24;1880.24;734.76;10.69;0.00;1.66
7.100;870.00;1732.06;1995.01;448.05;892.31;2451.91;1880.81;731.98;10.69;0.00;1.63
7.110;867.13;1735.50;1995.24;448.00;889.38;2452.58;1881.38;729.19;10.68;0.00;1.60
7.120;864.27;1738.93;1995.47;447.94;886.45;2453.25;1881.95;726.41;10.68;0.00;1.57
7.130;861.40;1742.36;1995.69;447.89;883.53;2453.93;1882.53;723.63;10.68;0.00;1.54
7.140;858.54;1745.80;1995.92;447.83;880.60;2454.60;1883.10;720.84;10.67;0.00;1.51
7.150;855.67;1749.23;1996.14;447.78;877.67;2455.27;1883.67;718.06;10.67;0.00;1.49
7.160;852.81;1752.66;1996.36;447.72;874.74;2455.94;1884.24;715.28;10.67;0.00;1.46
7.170;849.94;1756.10;1996.58;447.67;871.81;2456.61;1884.81;712.50;10.67;0.00;1.43
7.180;847.08;1759.53;1996.79;447.62;868.88;2457.28;1885.38;709.71;10.66;0.00;1.40
7.190;844.22;1762.96;1997.00;447.56;865.96;2457.96;1885.96;706.93;10.66;0.00;1.37
7.200;841.35;1766.39;1997.21;447.51;863.03;2458.63;1886.53;704.15;10.66;0.00;1.35
7.210;838.49;1769.83;1997.42;447.46;860.10;2459.30;1887.10;701.36;10.66;0.00;1.32
7.220;835.63;1773.26;1997.63;447.41;857.17;2459.97;1887.67;698.58;10.65;0.00;1.29
7.230;832.77;1776.69;1997.83;447.36;854.24;2460.64;1888.24;695.80;10.65;0.00;1.26
7.240;829.90;1780.12;1998.03;447.32;851.32;2461.32;1888.82;693.01;10.65;0.00;1.24
7.250;827.04;1783.55;1998.23;447.27;848.39;2461.99;1889.39;690.23;10.65;0.00;1.21
7.260;824.18;1786.98;1998.43;447.22;845.46;2462.66;1889.96;687.45;10.64;0.00;1.18
7.270;821.32;1790.41;1998.63;447.17;842.54;2463.34;1890.54;684.66;10.64;0.00;1.16
7.280;818.46;1793.84;1998.82;447.13;839.61;2464.01;1891.11;681.88;10.64;0.00;1.13
7.290;815.60;1797.27;1999.01;447.08;836.68;2464.68;1891.68;679.09;10.64;0.00;1.11
7.300;812.74;1800.71;1999.20;447.04;833.75;2465.35;1892.25;676.31;10.63;0.00;1.08
7.310;809.88;1804.14;1999.39;446.99;830.83;2466.03;1892.83;673.53;10.63;0.00;1.05
7.320;807.02;1807.56;1999.57;446.95;827.90;2466.70;1893.40;670.74;10.63;0.00;1.03
7.330;804.16;1810.99;1999.76;446.91;824.97;2467.37;1893.97;667.96;10.63;0.00;1.00
7.340;801.30;1814.42;1999.94;446.86;822.05;2468.05;1894.55;665.18;10.62;0.00;0.98
7.350;798.45;1817.85;2000.12;446.82;819.12;2468.72;1895.12;662.39;10.62;0.00;0.95
7.360;795.59;1821.28;2000.30;446.78;816.20;2469.40;1895.70;659.61;10.62;0.00;0.93
7.370;792.73;1824.71;2000.48;446.74;813.27;2470.07;1896.27;656.82;10.62;0.00;0.90
7.380;789.87;1828.14;2000.65;446.70;810.34;2470.74;1896.84;654.04;10.62;0.00;0.88
7.390;787.02;1831.57;2000.82;446.66;807.42;2471.42;1897.42;651.25;10.61;0.00;0.85
7.400;784.16;1835.00;2000.99;446.62;804.49;2472.09;1897.99;648.47;10.61;0.00;0.83
7.410;781.30;1838.43;2001.16;446.58;801.57;2472.77;1898.57;645.69;10.61;0.00;0.80
7.420;778.45;1841.85;2001.33;446.55;798.64;2473.44;1899.14;642.90;10.61;0.00;0.78
7.430;775.59;1845.28;2001.50;446.51;795.71;2474.11;1899.71;640.12;10.60;0.00;0.76
7.440;772.74;1848.71;2001.66;446.47;792.79;2474.79;1900.29;637.33;10.60;0.00;0.73
7.450;769.88;1852.14;2001.83;446.43;789.86;2475.46;1900.86;634.55;10.60;0.00;0.71
7.460;767.03;1855.57;2001.99;446.40;786.94;2476.14;1901.44;631.76;10.60;0.00;0.69
7.470;764.17;1858.99;2002.15;446.36;784.01;2476.81;1902.01;628.98;10.60;0.00;0.66
7.480;761.32;1862.42;2002.30;446.33;781.09;2477.49;1902.59;626.19;10.60;0.00;0.64
7.490;758.47;1865.85;2002.46;446.29;778.16;2478.16;1903.16;623.41;10.59;0.00;0.62
7.500;755.61;1869.28;2002.62;446.26;775.24;2478.84;1903.74;620.63;10.59;0.00;0.60
7.510;752.76;1872.70;2002.77;446.23;772.31;2479.51;1904.31;617.84;10.59;0.00;0.57
7.520;749.91;1876.13;2002.92;446.19;769.39;2480.19;1904.89;615.06;10.59;0.00;0.55
7.530;747.06;1879.56;2003.07;446.16;766.46;2480.86;1905.46;612.27;10.59;0.00;0.53
7.540;744.20;1882.99;2003.22;446.13;763.54;2481.54;1906.04;609.49;10.58;0.00;0.51
7.550;741.35;1886.41;2003.37;446.10;760.61;2482.21;1906.61;606.70;10.58;0.00;0.49
7.560;738.50;1889.84;2003.52;446.07;757.69;2482.89;1907.19;603.92;10.58;0.00;0.47
7.570;735.65;1893.27;2003.67;446.04;754.77;2483.57;1907.77;601.13;10.58;0.00;0.45
7.580;732.80;1896.69;2003.81;446.01;751.84;2484.24;1908.34;598.34;10.58;0.00;0.44
7.590;729.95;1900.12;2003.95;445.98;748.92;2484.92;1908.92;595.56;10.58;0.00;0.42
7.600;727.10;1903.55;2004.09;445.95;745.99;2485.59;1909.49;592.77;10.58;0.00;0.40
7.610;724.25;1906.97;2004.24;445.92;743.07;2486.27;1910.07;589.99;10.57;0.00;0.38
7.620;721.40;1910.40;2004.37;445.89;740.15;2486.95;1910.65;587.20;10.57;0.00;0.37
7.630;718.55;1913.82;2004.51;445.87;737.22;2487.62;1911.22;584.42;10.57;0.00;0.36
7.640;715.70;1917.25;2004.65;445.84;734.30;2488.30;1911.80;581.63;10.57;0.00;0.34
7.650;712.85;1920.68;2004.79;445.81;731.38;2488.98;1912.38;578.85;10.57;0.00;0.33
7.660;710.00;1924.10;2004.92;445.79;728.45;2489.65;1912.95;576.06;10.57;0.00;0.32
7.670;707.16;1927.53;2005.06;445.76;725.53;2490.33;1913.53;573.28;10.56;0.00;0.31
7.680;704.31;1930.96;2005.19;445.73;722.61;2491.01;1914.11;570.49;10.56;0.00;0.30
7.690;701.46;1934.38;2005.32;445.71;719.68;2491.68;1914.68;567.70;10.56;0.00;0.29
7.700;698.61;1937.81;2005.45;445.69;716.76;2492.36;1915.26;564.92;10.56;0.00;0.29
7.710;695.77;1941.23;2005.58;445.66;713.84;2493.04;1915.84;562.13;10.56;0.00;0.29
7.720;692.92;1944.66;2005.71;445.64;710.92;2493.72;1916.42;559.35;10.56;0.00;0.29
7.730;690.07;1948.09;2005.84;445.61;707.99;2494.39;1916.99;556.56;10.56;0.00;0.29
7.740;687.23;1951.51;2005.96;445.59;705.07;2495.07;1917.57;553.77;10.56;0.00;0.29
7.750;684.38;1954.94;2006.09;445.57;702.15;2495.75;1918.15;550.99;10.55;0.00;0.29
7.760;681.54;1958.36;2006.22;445.55;699.23;2496.43;1918.73;548.20;10.55;0.00;0.30
7.770;678.69;1961.79;2006.34;445.53;696.30;2497.10;1919.30;545.41;10.55;0.00;0.30
7.780;675.85;1965.22;2006.46;445.51;693.38;2497.78;1919.88;542.63;10.55;0.00;0.31
7.790;673.00;1968.64;2006.59;445.48;690.46;2498.46;1920.46;539.84;10.55;0.00;0.32
7.800;670.16;1972.07;2006.71;445.46;687.54;2499.14;1921.04;537.05;10.55;0.00;0.33
7.810;667.32;1975.49;2006.83;445.44;684.62;2499.82;1921.62;534.27;10.55;0.00;0.34
7.820;664.47;1978.92;2006.95;445.42;681.69;2500.49;1922.19;531.48;10.55;0.00;0.36
7.830;661.63;1982.35;2007.07;445.41;678.77;2501.17;1922.77;528.70;10.55;0.00;0.37
7.840;658.78;1985.77;2007.19;445.39;675.85;2501.85;1923.35;525.91;10.54;0.00;0.38
7.850;655.94;1989.20;2007.30;445.37;672.93;2502.53;1923.93;523.12;10.54;0.00;0.40
7.860;653.10;1992.62;2007.42;445.35;670.01;2503.21;1924.51;520.33;10.54;0.00;0.41
7.870;650.26;1996.05;2007.54;445.33;667.09;2503.89;1925.09;517.55;10.54;0.00;0.43
7.880;647.42;1999.48;2007.66;445.32;664.17;2504.57;1925.67;514.76;10.54;0.00;0.44
7.890;644.57;2002.90;2007.77;445.30;661.24;2505.24;1926.24;511.97;10.54;0.00;0.46
7.900;641.73;2006.33;2007.89;445.28;658.32;2505.92;1926.82;509.19;10.54;0.00;0.47
7.910;638.89;2009.76;2008.00;445.27;655.40;2506.60;1927.40;506.40;10.54;0.00;0.49
7.920;636.05;2013.18;2008.11;445.25;652.48;2507.28;1927.98;503.61;10.54;0.00;0.51
7.930;633.21;2016.61;2008.23;445.24;649.56;2507.96;1928.56;500.83;10.54;0.00;0.52
7.940;630.37;2020.03;2008.34;445.22;646.64;2508.64;1929.14;498.04;10.54;0.00;0.54
7.950;627.53;2023.46;2008.45;445.21;643.72;2509.32;1929.72;495.25;10.53;0.00;0.56
7.960;624.69;2026.89;2008.56;445.19;640.80;2510.00;1930.30;492.46;10.53;0.00;0.57
7.970;621.85;2030.31;2008.67;445.18;637.88;2510.68;1930.88;489.68;10.53;0.00;0.59
7.980;619.01;2033.74;2008.78;445.16;634.96;2511.36;1931.46;486.89;10.53;0.00;0.61
7.990;616.17;2037.17;2008.90;445.15;632.04;2512.04;1932.04;484.10;10.53;0.00;0.62
8.000;613.33;2040.59;2009.00;445.14;629.12;2512.72;1932.62;481.31;10.53;0.00;0.64
8.010;610.49;2044.02;2009.11;445.12;626.20;2513.40;1933.20;478.53;10.53;0.00;0.66
8.020;607.66;2047.45;2009.22;445.11;623.28;2514.08;1933.78;475.74;10.53;0.00;0.68
8.030;604.82;2050.88;2009.33;445.10;620.36;2514.76;1934.36;472.95;10.53;0.00;0.69
8.040;601.98;2054.30;2009.44;445.09;617.44;2515.44;1934.94;470.16;10.53;0.00;0.71
8.050;599.14;2057.73;2009.55;445.08;614.52;2516.12;1935.52;467.37;10.53;0.00;0.73
8.060;596.31;2061.16;2009.66;445.07;611.60;2516.80;1936.10;464.59;10.53;0.00;0.74
8.070;593.47;2064.58;2009.76;445.06;608.68;2517.48;1936.68;461.80;10.53;0.00;0.76
8.080;590.63;2068.01;2009.87;445.05;605.76;2518.16;1937.26;459.01;10.53;0.00;0.78
8.090;587.80;2071.44;2009.98;445.04;602.85;2518.85;1937.85;456.22;10.52;0.00;0.79
8.100;584.96;2074.87;2010.09;445.03;599.93;2519.53;1938.43;453.43;10.52;0.00;0.81
8.110;582.12;2078.29;2010.19;445.02;597.01;2520.21;1939.01;450.65;10.52;0.00;0.83
8.120;579.29;2081.72;2010.30;445.01;594.09;2520.89;1939.59;447.86;10.52;0.00;0.85
8.130;576.45;2085.15;2010.40;445.00;591.17;2521.57;1940.17;445.07;10.52;0.00;0.86
8.140;573.62;2088.58;2010.51;444.99;588.25;2522.25;1940.75;442.28;10.52;0.00;0.88
8.150;570.78;2092.01;2010.62;444.98;585.33;2522.93;1941.33;439.49;10.52;0.00;0.90
8.160;567.95;2095.44;2010.72;444.97;582.42;2523.62;1941.92;436.70;10.52;0.00;0.91
8.170;565.11;2098.86;2010.83;444.97;579.50;2524.30;1942.50;433.91;10.52;0.00;0.93
8.180;562.28;2102.29;2010.93;444.96;576.58;2524.98;1943.08;431.13;10.52;0.00;0.94
8.190;559.44;2105.72;2011.04;444.95;573.66;2525.66;1943.66;428.34;10.52;0.00;0.96
8.200;556.61;2109.15;2011.14;444.95;570.74;2526.34;1944.24;425.55;10.52;0.00;0.98
8.210;553.78;2112.58;2011.25;444.94;567.83;2527.03;1944.83;422.76;10.52;0.00;0.99
8.220;550.94;2116.01;2011.35;444.93;564.91;2527.71;1945.41;419.97;10.52;0.00;1.01
8.230;548.11;2119.44;2011.46;444.93;561.99;2528.39;1945.99;417.18;10.52;0.00;1.02
8.240;545.28;2122.87;2011.57;444.92;559.07;2529.07;1946.57;414.39;10.52;0.00;1.04
8.250;542.45;2126.30;2011.67;444.92;556.16;2529.76;1947.16;411.60;10.52;0.00;1.06
8.260;539.61;2129.72;2011.78;444.91;553.24;2530.44;1947.74;408.82;10.52;0.00;1.07
8.270;536.78;2133.15;2011.88;444.91;550.32;2531.12;1948.32;406.03;10.52;0.00;1.09
8.280;533.95;2136.58;2011.99;444.90;547.40;2531.80;1948.90;403.24;10.52;0.00;1.10
8.290;531.12;2140.01;2012.09;444.90;544.49;2532.49;1949.49;400.45;10.52;0.00;1.12
8.300;528.29;2143.44;2012.20;444.90;541.57;2533.17;1950.07;397.66;10.52;0.00;1.13
8.310;525.46;2146.87;2012.30;444.89;538.65;2533.85;1950.65;394.87;10.51;0.00;1.15
8.320;522.63;2150.31;2012.41;444.89;535.74;2534.54;1951.24;392.08;10.51;0.00;1.16
8.330;519.80;2153.74;2012.52;444.89;532.82;2535.22;1951.82;389.29;10.51;0.00;1.18
8.340;516.97;2157.17;2012.62;444.88;529.90;2535.90;1952.40;386.50;10.51;0.00;1.19
8.350;514.14;2160.60;2012.73;444.88;526.99;2536.59;1952.99;383.71;10.51;0.00;1.21
8.360;511.31;2164.03;2012.83;444.88;524.07;2537.27;1953.57;380.92;10.51;0.00;1.22
8.370;508.48;2167.46;2012.94;444.88;521.15;2537.95;1954.15;378.13;10.51;0.00;1.24
8.380;505.65;2170.89;2013.05;444.87;518.24;2538.64;1954.74;375.34;10.51;0.00;1.25
8.390;502.82;2174.32;2013.15;444.87;515.32;2539.32;1955.32;372.55;10.51;0.00;1.27
8.400;499.99;2177.76;2013.26;444.87;512.41;2540.01;1955.91;369.76;10.51;0.00;1.28
8.410;497.16;2181.19;2013.37;444.87;509.49;2540.69;1956.49;366.97;10.51;0.00;1.30
8.420;494.33;2184.62;2013.48;444.87;506.57;2541.37;1957.07;364.18;10.51;0.00;1.31
8.430;491.50;2188.05;2013.59;444.87;503.66;2542.06;1957.66;361.39;10.51;0.00;1.32
8.440;488.68;2191.48;2013.69;444.87;500.74;2542.74;1958.24;358.60;10.51;0.00;1.34
8.450;485.85;2194.92;2013.80;444.87;497.83;2543.43;1958.83;355.81;10.51;0.00;1.35
8.460;483.02;2198.35;2013.91;444.87;494.91;2544.11;1959.41;353.02;10.51;0.00;1.37
8.470;480.19;2201.78;2014.02;444.87;492.00;2544.80;1960.00;350.23;10.51;0.00;1.38
8.480;477.37;2205.22;2014.13;444.87;489.08;2545.48;1960.58;347.44;10.51;0.00;1.39
8.490;474.54;2208.65;2014.24;444.87;486.17;2546.17;1961.17;344.65;10.51;0.00;1.41
8.500;471.71;2212.08;2014.35;444.87;483.25;2546.85;1961.75;341.86;10.51;0.00;1.42
8.510;468.89;2215.52;2014.46;444.87;480.34;2547.54;1962.34;339.07;10.51;0.00;1.43
8.520;466.06;2218.95;2014.57;444.87;477.42;2548.22;1962.92;336.28;10.51;0.00;1.44
8.530;463.24;2222.38;2014.69;444.87;474.51;2548.91;1963.51;333.49;10.51;0.00;1.46
8.540;460.41;2225.82;2014.80;444.88;471.59;2549.59;1964.09;330.70;10.51;0.00;1.47
8.550;457.58;2229.25;2014.91;444.88;468.68;2550.28;1964.68;327.91;10.51;0.00;1.48
8.560;454.76;2232.69;2015.02;444.88;465.77;2550.97;1965.27;325.12;10.51;0.00;1.50
8.570;451.93;2236.12;2015.14;444.88;462.85;2551.65;1965.85;322.33;10.51;0.00;1.51
8.580;449.11;2239.56;2015.25;444.89;459.94;2552.34;1966.44;319.54;10.51;0.00;1.52
8.590;446.29;2242.99;2015.37;444.89;457.02;2553.02;1967.02;316.75;10.51;0.00;1.53
8.600;443.46;2246.43;2015.48;444.89;454.11;2553.71;1967.61;313.96;10.51;0.00;1.55
8.610;440.64;2249.87;2015.60;444.90;451.20;2554.40;1968.20;311.17;10.51;0.00;1.56
8.620;437.81;2253.30;2015.71;444.90;448.28;2555.08;1968.78;308.38;10.51;0.00;1.57
8.630;434.99;2256.74;2015.83;444.90;445.37;2555.77;1969.37;305.59;10.51;0.00;1.58
8.640;432.17;2260.17;2015.95;444.91;442.45;2556.45;1969.95;302.80;10.51;0.00;1.59
8.650;429.34;2263.61;2016.06;444.91;439.54;2557.14;1970.54;300.00;10.51;0.00;1.60
8.660;426.52;2267.05;2016.18;444.92;436.63;2557.83;1971.13;297.21;10.51;0.00;1.62
8.670;423.70;2270.49;2016.30;444.92;433.71;2558.51;1971.71;294.42;10.51;0.00;1.63
8.680;420.88;2273.92;2016.42;444.93;430.80;2559.20;1972.30;291.63;10.51;0.00;1.64
8.690;418.05;2277.36;2016.54;444.93;427.89;2559.89;1972.89;288.84;10.51;0.00;1.65
8.700;415.23;2280.80;2016.66;444.94;424.98;2560.58;1973.48;286.05;10.51;0.00;1.66
8.710;412.41;2284.24;2016.78;444.94;422.06;2561.26;1974.06;283.26;10.51;0.00;1.67
8.720;409.59;2287.67;2016.91;444.95;419.15;2561.95;1974.65;280.47;10.51;0.00;1.68
8.730;406.77;2291.11;2017.03;444.95;416.24;2562.64;1975.24;277.68;10.51;0.00;1.69
8.740;403.94;2294.55;2017.15;444.96;413.32;2563.32;1975.82;274.88;10.51;0.00;1.70
8.750;401.12;2297.99;2017.28;444.96;410.41;2564.01;1976.41;272.09;10.51;0.00;1.72
8.760;398.30;2301.43;2017.40;444.97;407.50;2564.70;1977.00;269.30;10.51;0.00;1.73
8.770;395.48;2304.87;2017.53;444.98;404.59;2565.39;1977.59;266.51;10.51;0.00;1.74
8.780;392.66;2308.31;2017.65;444.98;401.68;2566.08;1978.18;263.72;10.51;0.00;1.75
8.790;389.84;2311.75;2017.78;444.99;398.76;2566.76;1978.76;260.93;10.51;0.00;1.76
8.800;387.02;2315.19;2017.91;445.00;395.85;2567.45;1979.35;258.14;10.51;0.00;1.77
8.810;384.20;2318.63;2018.03;445.00;392.94;2568.14;1979.94;255.34;10.51;0.00;1.78
8.820;381.38;2322.07;2018.16;445.01;390.03;2568.83;1980.53;252.55;10.51;0.00;1.79
8.830;378.56;2325.51;2018.29;445.02;387.12;2569.52;1981.12;249.76;10.51;0.00;1.80
8.840;375.74;2328.95;2018.42;445.03;384.21;2570.21;1981.71;246.97;10.51;0.00;1.81
8.850;372.93;2332.39;2018.55;445.04;381.29;2570.89;1982.29;244.18;10.51;0.00;1.81
8.860;370.11;2335.84;2018.69;445.04;378.38;2571.58;1982.88;241.39;10.51;0.00;1.82
8.870;367.29;2339.28;2018.82;445.05;375.47;2572.27;1983.47;238.59;10.51;0.00;1.83
8.880;364.47;2342.72;2018.95;445.06;372.56;2572.96;1984.06;235.80;10.51;0.00;1.84
8.890;361.65;2346.16;2019.09;445.07;369.65;2573.65;1984.65;233.01;10.51;0.00;1.85
8.900;358.83;2349.60;2019.22;445.08;366.74;2574.34;1985.24;230.22;10.52;0.00;1.86
8.910;356.02;2353.05;2019.36;445.09;363.83;2575.03;1985.83;227.43;10.52;0.00;1.87
8.920;353.20;2356.49;2019.49;445.09;360.92;2575.72;1986.42;224.63;10.52;0.00;1.88
8.930;350.38;2359.93;2019.63;445.10;358.01;2576.41;1987.01;221.84;10.52;0.00;1.89
8.940;347.57;2363.38;2019.77;445.11;355.10;2577.10;1987.60;219.05;10.52;0.00;1.89
8.950;344.75;2366.82;2019.91;445.12;352.19;2577.79;1988.19;216.26;10.52;0.00;1.90
8.960;341.93;2370.27;2020.05;445.13;349.28;2578.48;1988.78;213.47;10.52;0.00;1.91
8.970;339.12;2373.71;2020.19;445.14;346.37;2579.17;1989.37;210.67;10.52;0.00;1.92
8.980;336.30;2377.15;2020.33;445.15;343.45;2579.85;1989.95;207.88;10.52;0.00;1.93
8.990;333.48;2380.60;2020.48;445.16;340.54;2580.54;1990.54;205.09;10.52;0.00;1.93
9.000;330.67;2384.04;2020.62;445.17;337.64;2581.24;1991.14;202.30;10.52;0.00;1.94
9.010;327.85;2387.49;2020.77;445.18;334.73;2581.93;1991.73;199.50;10.52;0.00;1.95
9.020;325.04;2390.94;2020.91;445.19;331.82;2582.62;1992.32;196.71;10.52;0.00;1.96
9.030;322.22;2394.38;2021.06;445.20;328.91;2583.31;1992.91;193.92;10.52;0.00;1.96
9.040;319.41;2397.83;2021.20;445.21;326.00;2584.00;1993.50;191.13;10.52;0.00;1.97
9.050;316.59;2401.27;2021.35;445.22;323.09;2584.69;1994.09;188.33;10.52;0.00;1.98
9.060;313.78;2404.72;2021.50;445.23;320.18;2585.38;1994.68;185.54;10.52;0.00;1.99
9.070;310.96;2408.17;2021.65;445.24;317.27;2586.07;1995.27;182.75;10.52;0.00;1.99
9.080;308.15;2411.62;2021.80;445.25;314.36;2586.76;1995.86;179.96;10.52;0.00;2.00
9.090;305.33;2415.06;2021.96;445.27;311.45;2587.45;1996.45;177.16;10.52;0.00;2.01
9.100;302.52;2418.51;2022.11;445.28;308.54;2588.14;1997.04;174.37;10.52;0.00;2.01
9.110;299.71;2421.96;2022.26;445.29;305.63;2588.83;1997.63;171.58;10.52;0.00;2.02
9.120;296.89;2425.41;2022.42;445.30;302.72;2589.52;1998.22;168.79;10.52;0.00;2.03
9.130;294.08;2428.86;2022.57;445.31;299.82;2590.22;1998.82;165.99;10.52;0.00;2.03
9.140;291.27;2432.30;2022.73;445.32;296.91;2590.91;1999.41;163.20;10.52;0.00;2.04
9.150;288.45;2435.75;2022.89;445.34;294.00;2591.60;2000.00;160.41;10.52;0.00;2.04
9.160;285.64;2439.20;2023.05;445.35;291.09;2592.29;2000.59;157.61;10.52;0.00;2.05
9.170;282.83;2442.65;2023.21;445.36;288.18;2592.98;2001.18;154.82;10.52;0.00;2.06
9.180;280.02;2446.10;2023.37;445.37;285.27;2593.67;2001.77;152.03;10.52;0.00;2.06
9.190;277.21;2449.55;2023.53;445.38;282.37;2594.37;2002.37;149.24;10.52;0.00;2.07
9.200;274.39;2453.00;2023.69;445.40;279.46;2595.06;2002.96;146.44;10.52;0.00;2.07
9.210;271.58;2456.45;2023.86;445.41;276.55;2595.75;2003.55;143.65;10.53;0.00;2.08
9.220;268.77;2459.91;2024.02;445.42;273.64;2596.44;2004.14;140.86;10.53;0.00;2.08
9.230;265.96;2463.36;2024.19;445.43;270.73;2597.13;2004.73;138.06;10.53;0.00;2.09
9.240;263.15;2466.81;2024.36;445.45;267.83;2597.83;2005.33;135.27;10.53;0.00;2.09
9.250;260.34;2470.26;2024.53;445.46;264.92;2598.52;2005.92;132.48;10.53;0.00;2.10
9.260;257.53;2473.71;2024.69;445.47;262.01;2599.21;2006.51;129.68;10.53;0.00;2.10
9.270;254.72;2477.16;2024.86;445.48;259.11;2599.91;2007.11;126.89;10.53;0.00;2.11
9.280;251.91;2480.62;2025.04;445.50;256.20;2600.60;2007.70;124.10;10.53;0.00;2.11
9.290;249.10;2484.07;2025.21;445.51;253.29;2601.29;2008.29;121.30;10.53;0.00;2.11
9.300;246.29;2487.52;2025.38;445.52;250.38;2601.98;2008.88;118.51;10.53;0.00;2.12
9.310;243.48;2490.98;2025.56;445.54;247.48;2602.68;2009.48;115.72;10.53;0.00;2.12
9.320;240.67;2494.43;2025.73;445.55;244.57;2603.37;2010.07;112.92;10.53;0.00;2.13
9.330;237.86;2497.89;2025.91;445.56;241.66;2604.06;2010.66;110.13;10.53;0.00;2.13
9.340;235.05;2501.34;2026.09;445.58;238.76;2604.76;2011.26;107.34;10.53;0.00;2.13
9.350;232.24;2504.79;2026.27;445.59;235.85;2605.45;2011.85;104.54;10.53;0.00;2.14
9.360;229.43;2508.25;2026.45;445.60;232.95;2606.15;2012.45;101.75;10.53;0.00;2.14
9.370;226.62;2511.70;2026.63;445.62;230.04;2606.84;2013.04;98.95;10.53;0.00;2.14
9.380;223.81;2515.16;2026.81;445.63;227.13;2607.53;2013.63;96.16;10.53;0.00;2.15
9.390;221.01;2518.62;2026.99;445.65;224.23;2608.23;2014.23;93.37;10.53;0.00;2.15
9.400;218.20;2522.07;2027.18;445.66;221.32;2608.92;2014.82;90.57;10.53;0.00;2.15
9.410;215.39;2525.53;2027.36;445.67;218.42;2609.62;2015.42;87.78;10.53;0.00;2.15
9.420;212.58;2528.98;2027.55;445.69;215.51;2610.31;2016.01;84.99;10.53;0.00;2.16
9.430;209.78;2532.44;2027.74;445.70;212.60;2611.00;2016.60;82.19;10.53;0.00;2.16
9.440;206.97;2535.90;2027.93;445.72;209.70;2611.70;2017.20;79.40;10.53;0.00;2.16
9.450;204.16;2539.36;2028.12;445.73;206.79;2612.39;2017.79;76.60;10.53;0.00;2.16
9.460;201.35;2542.81;2028.31;445.74;203.89;2613.09;2018.39;73.81;10.54;0.00;2.17
9.470;198.55;2546.27;2028.50;445.76;200.98;2613.78;2018.98;71.02;10.54;0.00;2.17
9.480;195.74;2549.73;2028.69;445.77;198.08;2614.48;2019.58;68.22;10.54;0.00;2.17
9.490;192.94;2553.19;2028.89;445.79;195.17;2615.17;2020.17;65.43;10.54;0.00;2.17
9.500;190.13;2556.65;2029.08;445.80;192.27;2615.87;2020.77;62.63;10.54;0.00;2.17
9.510;187.32;2560.11;2029.28;445.81;189.36;2616.56;2021.36;59.84;10.54;0.00;2.17
9.520;184.52;2563.56;2029.48;445.83;186.46;2617.26;2021.96;57.05;10.54;0.00;2.17
9.530;181.71;2567.02;2029.68;445.84;183.55;2617.95;2022.55;54.25;10.54;0.00;2.17
9.540;178.91;2570.48;2029.88;445.86;180.65;2618.65;2023.15;51.46;10.54;0.00;2.17
9.550;176.10;2573.94;2030.08;445.87;177.74;2619.34;2023.74;48.66;10.54;0.00;2.17
9.560;173.30;2577.40;2030.28;445.89;174.84;2620.04;2024.34;45.87;10.54;0.00;2.17
9.570;170.49;2580.87;2030.48;445.90;171.94;2620.74;2024.94;43.07;10.54;0.00;2.17
9.580;167.69;2584.33;2030.69;445.92;169.03;2621.43;2025.53;40.28;10.54;0.00;2.17
9.590;164.88;2587.79;2030.89;445.93;166.13;2622.13;2026.13;37.49;10.54;0.00;2.16
9.600;162.08;2591.25;2031.10;445.94;163.22;2622.82;2026.72;34.69;10.54;0.00;2.16
9.610;159.28;2594.71;2031.31;445.96;160.32;2623.52;2027.32;31.90;10.54;0.00;2.16
9.620;156.47;2598.17;2031.52;445.97;157.42;2624.22;2027.92;29.10;10.54;0.00;2.15
9.630;153.67;2601.64;2031.73;445.99;154.51;2624.91;2028.51;26.31;10.54;0.00;2.14
9.640;150.87;2605.10;2031.94;446.00;151.61;2625.61;2029.11;23.51;10.54;0.00;2.13
9.650;148.06;2608.56;2032.15;446.02;148.71;2626.31;2029.71;20.72;10.54;0.00;2.12
9.660;145.26;2612.02;2032.36;446.03;145.80;2627.00;2030.30;17.92;10.54;0.00;2.11
9.670;142.46;2615.49;2032.58;446.04;142.90;2627.70;2030.90;15.13;10.54;0.00;2.09
9.680;139.65;2618.95;2032.79;446.06;140.00;2628.40;2031.50;12.34;10.54;0.00;2.06
9.690;139.65;2618.95;2032.79;446.07;140.00;2628.40;2031.50;0.00;10.54;0.00;2.06
